id,比赛,题号,题目名,rating,标签
CF580C,"根目录散文件",,"Kefa and Park",1500,dfs and similar;graphs;trees
CF706B,"根目录散文件",,"Interesting drink",1100,binary search;dp;implementation
CF1091A,"根目录散文件",,"New Year and the Christmas Ornament",800,brute force;implementation;math
CF1091D,"根目录散文件",,"New Year and the Permutation Concatenation",1700,combinatorics;dp;math
CF2119A,"Codeforces Round 1035 (Div. 2)",A,"Add or XOR",800,bitmasks;greedy;math
CF2119B,"Codeforces Round 1035 (Div. 2)",B,"Line Segments",1200,geometry;greedy;math
CF2119C,"Codeforces Round 1035 (Div. 2)",C,"A Good Problem",1300,bitmasks;constructive algorithms;math
CF2119D,"Codeforces Round 1035 (Div. 2)",D,"Token Removing",2100,combinatorics;dp;math
CF2119E,"Codeforces Round 1035 (Div. 2)",E,"And Constraint",2600,bitmasks;dp;greedy
CF2122A,"Order Capital Round 1 (Codeforces Round 1038, Div. 1 + Div. 2)",A,"Greedy Grid",800,constructive algorithms;greedy
CF2122B,"Order Capital Round 1 (Codeforces Round 1038, Div. 1 + Div. 2)",B,"Pile Shuffling",1100,greedy;math
CF2122C,"Order Capital Round 1 (Codeforces Round 1038, Div. 1 + Div. 2)",C,"Manhattan Pairs",1700,constructive algorithms;geometry;greedy;math;sortings
CF2125A,"Educational Codeforces Round 181 (Rated for Div. 2)",A,"Difficult Contest",800,constructive algorithms;implementation;sortings;strings
CF2125B,"Educational Codeforces Round 181 (Rated for Div. 2)",B,"Left and Down",900,math;number theory
CF2125C,"Educational Codeforces Round 181 (Rated for Div. 2)",C,"Count Good Numbers",1100,bitmasks;combinatorics;math;number theory
CF2125D,"Educational Codeforces Round 181 (Rated for Div. 2)",D,"Segments Covering",1600,dp;math;probabilities
CF2125E,"Educational Codeforces Round 181 (Rated for Div. 2)",E,"Sets of Complementary Sums",2500,brute force;combinatorics;dp;math;two pointers
CF2125F,"Educational Codeforces Round 181 (Rated for Div. 2)",F,"Timofey and Docker",3000,binary search;divide and conquer;dp
CF2126A,"Codeforces Round 1037 (Div. 3)",A,"Only One Digit",800,brute force;implementation;math
CF2126B,"Codeforces Round 1037 (Div. 3)",B,"No Casino in the Mountains",800,dp;greedy
CF2126C,"Codeforces Round 1037 (Div. 3)",C,"I Will Definitely Make It",1100,greedy;sortings
CF2126D,"Codeforces Round 1037 (Div. 3)",D,"This Is the Last Time",1200,data structures;greedy;sortings
CF2126E,"Codeforces Round 1037 (Div. 3)",E,"G-C-D, Unlucky!",1400,math;number theory
CF2126F,"Codeforces Round 1037 (Div. 3)",F,"1-1-1, Free Tree!",2000,brute force;data structures;dfs and similar;graphs;implementation;trees
CF2127A,"Atto Round 1 (Codeforces Round 1041, Div. 1 + Div. 2)",A,"Mix Mex Max",800,constructive algorithms;greedy;math
CF2127B,"Atto Round 1 (Codeforces Round 1041, Div. 1 + Div. 2)",B,"Hamiiid, Haaamid... Hamid?",1300,games;greedy
CF2127C,"Atto Round 1 (Codeforces Round 1041, Div. 1 + Div. 2)",C,"Trip Shopping",1400,games;greedy;sortings
CF2127D,"Atto Round 1 (Codeforces Round 1041, Div. 1 + Div. 2)",D,"Root was Built by Love, Broken by Destiny",1800,combinatorics;dfs and similar;graphs;trees
CF2127E,"Atto Round 1 (Codeforces Round 1041, Div. 1 + Div. 2)",E,"Ancient Tree",2100,constructive algorithms;data structures;dfs and similar;dsu;greedy;trees
CF2127F,"Atto Round 1 (Codeforces Round 1041, Div. 1 + Div. 2)",F,"Hamed and AghaBalaSar",2800,brute force;combinatorics;dp;math;probabilities
CF2128A,"Codeforces Round 1039 (Div. 2)",A,"Recycling Center",800,greedy;sortings
CF2128B,"Codeforces Round 1039 (Div. 2)",B,"Deque Process",1100,constructive algorithms;greedy;sortings;two pointers
CF2128C,"Codeforces Round 1039 (Div. 2)",C,"Leftmost Below",1200,greedy;math
CF2128D,"Codeforces Round 1039 (Div. 2)",D,"Sum of LDS",1600,brute force;combinatorics;dp;greedy;math
CF2128E,"Codeforces Round 1039 (Div. 2)",E,"?",,
CF2128F,"Codeforces Round 1039 (Div. 2)",F,"Strict Triangle",3200,graphs;greedy;shortest paths
CF2129A,"Codeforces Round 1040 (Div. 1)",A,"Double Perspective",1300,constructive algorithms;dp;dsu;graphs;greedy;sortings
CF2129B,"Codeforces Round 1040 (Div. 1)",B,"Stay or Mirror",1600,brute force;data structures;dp;greedy;sortings
CF2129C,"Codeforces Round 1040 (Div. 1)",C,"?",,
CF2129D,"Codeforces Round 1040 (Div. 1)",D,"Permutation Blackhole",2600,brute force;combinatorics;dp;implementation;math
CF2129E,"Codeforces Round 1040 (Div. 1)",E,"Induced Subgraph Queries",3000,data structures;graphs;sortings
CF2129F,"Codeforces Round 1040 (Div. 1)",F,"?",,
CF2131A,"Codeforces Round 1042 (Div. 3)",A,"Lever",800,math
CF2131B,"Codeforces Round 1042 (Div. 3)",B,"Alternating Series",800,constructive algorithms;greedy;math
CF2131C,"Codeforces Round 1042 (Div. 3)",C,"Make it Equal",1100,math;number theory
CF2131D,"Codeforces Round 1042 (Div. 3)",D,"Arboris Contractio",1400,data structures;graphs;greedy;trees
CF2131E,"Codeforces Round 1042 (Div. 3)",E,"Adjacent XOR",1400,brute force;greedy
CF2131F,"Codeforces Round 1042 (Div. 3)",F,"Unjust Binary Life",1900,binary search;data structures;greedy;math;sortings;two pointers
CF2131G,"Codeforces Round 1042 (Div. 3)",G,"Wafu!",2000,bitmasks;brute force;data structures;dfs and similar;dp;math
CF2218A,"Codeforces Round 1090 (Div. 4)",A,"The 67th Integer Problem",800,brute force;games;implementation;math
CF2218B,"Codeforces Round 1090 (Div. 4)",B,"The 67th 6-7 Integer Problem",800,greedy;math
CF2218C,"Codeforces Round 1090 (Div. 4)",C,"The 67th Permutation Problem",800,constructive algorithms;greedy;math
CF2218D,"Codeforces Round 1090 (Div. 4)",D,"The 67th OEIS Problem",1100,constructive algorithms;greedy;math;number theory
CF2218E,"Codeforces Round 1090 (Div. 4)",E,"The 67th XOR Problem",1200,binary search;bitmasks;brute force
CF2227A,"Codeforces Round 1096 (Div. 3)",A,"Koshary",800,implementation;math
CF2227B,"Codeforces Round 1096 (Div. 3)",B,"Party Monster",800,greedy
CF2227C,"Codeforces Round 1096 (Div. 3)",C,"Snowfall",800,constructive algorithms;math
CF2227D,"Codeforces Round 1096 (Div. 3)",D,"Palindromex",1200,binary search;brute force;constructive algorithms;data structures;greedy;implementation;two pointers
CF2227E,"Codeforces Round 1096 (Div. 3)",E,"It All Went Sideways",1400,binary search;data structures;dp;greedy
CF2227F,"Codeforces Round 1096 (Div. 3)",F,"It Just Keeps Going Sideways",1700,binary search;data structures;dp;greedy;math
CF2227G,"Codeforces Round 1096 (Div. 3)",G,"Drowning",2000,binary search;data structures;math
CF2228A,"Codeforces Round 1098 (Div. 2)",A,"Marisa Steals Reimu's Takeout",800,greedy;implementation
CF2228B,"Codeforces Round 1098 (Div. 2)",B,"Remilia Plays Soku",1100,games;implementation
CF2228C1,"Codeforces Round 1098 (Div. 2)",C1,"Cirno and Number (Easy Version)",1500,binary search;brute force;dp;greedy;implementation
CF2228C2,"Codeforces Round 1098 (Div. 2)",C2,"Cirno and Number (Hard Version)",1600,binary search;dfs and similar;dp;greedy;implementation
CF2228D,"Codeforces Round 1098 (Div. 2)",D,"Sanae, Cross and Color",1900,binary search;data structures;implementation
CF2231A,"Codeforces Round 1099 (Div. 2)",A,"Construct an Array",800,constructive algorithms
CF2231B,"Codeforces Round 1099 (Div. 2)",B,"Another Sorting Problem",1100,constructive algorithms
CF2231C,"Codeforces Round 1099 (Div. 2)",C,"Chipmunk Theo and Equality",1400,implementation;sortings
CF2231D,"Codeforces Round 1099 (Div. 2)",D,"Maximum Prefix Sums",1900,constructive algorithms;greedy;implementation;two pointers
CF2231F,"Codeforces Round 1099 (Div. 2)",F,"Quadratic Jumps",2600,brute force;constructive algorithms;greedy;math;number theory
CF2242A,"Educational Codeforces Round 192 (Rated for Div. 2)",A,"Bigrams",800,sortings;strings
CF2242B,"Educational Codeforces Round 192 (Rated for Div. 2)",B,"Predominant Frequency Division",1000,data structures;greedy;implementation;math
CF2242C,"Educational Codeforces Round 192 (Rated for Div. 2)",C,"Unstable Elements",1300,brute force;data structures;implementation;sortings;two pointers
CF2242D,"Educational Codeforces Round 192 (Rated for Div. 2)",D,"Two Digit Strings",1600,dp;strings
CF2242E,"Educational Codeforces Round 192 (Rated for Div. 2)",E,"Product of Closures",2200,bitmasks;brute force;constructive algorithms;greedy;implementation;math;number theory
CF2242F,"Educational Codeforces Round 192 (Rated for Div. 2)",F,"Summer Vacation",2800,data structures;dp;probabilities;trees
CF2251A,"ICPC 2026 Online Challenge 1 powered by Huawei",A,"Edge--Cloud Collaborative Scheduling",,*special;interactive
CF2251B,"ICPC 2026 Online Challenge 1 powered by Huawei",B,"?",,
CF2251C1,"ICPC 2026 Online Challenge 1 powered by Huawei",C1,"?",,
CF2251C2,"ICPC 2026 Online Challenge 1 powered by Huawei",C2,"?",,
CF2251D,"ICPC 2026 Online Challenge 1 powered by Huawei",D,"?",,
CF2257A,"Codeforces Round 1117 (Div. 2)",A,"Creating Abbreviations",800,brute force;strings
CF2257B,"Codeforces Round 1117 (Div. 2)",B,"Gigantomachy",800,math
CF2257C,"Codeforces Round 1117 (Div. 2)",C,"Spying on the Beaver",1200,constructive algorithms;dfs and similar;dsu;graphs;trees
CF2257D,"Codeforces Round 1117 (Div. 2)",D,"Bermuda Rectangle",1600,binary search;implementation;math;number theory;two pointers
CF2257E,"Codeforces Round 1117 (Div. 2)",E,"Busy Beaver",2100,brute force;data structures;divide and conquer;dp;greedy;implementation;sortings
CF2257F1,"Codeforces Round 1117 (Div. 2)",F1,"Beaver's Jumping Track (Easy Version)",2500,data structures;dp;matrices
