5,数学
1,模拟
36,2019
46,USACO
111,枚举
337,洛谷月赛
37,2020
23,2006
2,字符串
31,2014
333,COCI（克罗地亚）
33,2016
24,2007
107,Special Judge
108,O2优化
25,2008
18,2001
45,二分
83,NOIP 提高组
112,分治
19,2002
82,NOIP 普及组
22,2005
21,2004
4,搜索
113,排序
244,进制
27,2010
239,素数判断
28,2011
81,洛谷原创
60,2023
386,语言月赛
354,分支结构
287,栈
14,1997
7,贪心
254,前缀和
12,递推
35,2018
260,Fibonacci 数列
44,线性数据结构
61,2024
99,NOI 导刊
241,最大公约数 gcd
288,队列
30,2013
32,2015
256,康托展开
48,各省省选
92,安徽
54,递归
270,期望
26,2009
34,2017
330,差分
318,构造
482,平面几何
13,博弈论
314,位运算
243,不定方程
343,CSP-J 入门级
161,江西
347,NOI Online
335,ICPC
500,NERC/NEERC
502,CERC
503,NWRRC
110,基础算法
58,2021
29,2012
59,2022
383,传智杯
72,数论
116,CCC（加拿大）
363,蓝桥杯省赛
361,蓝桥杯国赛
389,PA（波兰）
97,山东
381,省赛/邀请赛
164,陕西
96,广东
479,ROIR（俄罗斯）
434,高校校赛
336,JOI（日本）
429,洛谷比赛
486,梦熊比赛
57,POI（波兰）
485,Code+
62,2025
104,提交答案
390,THUPC
436,NOISG（新加坡）
488,科创活动
493,初中活动
494,科大国创杯
345,双指针 two-pointer
397,湖北
167,辽宁
338,2026
506,UOI（乌克兰）
534,成都
532,SWERC
376,分类讨论
402,台湾
440,KOI（韩国）
542,入门赛
355,循环结构
504,STL
90,福建
516,CSPro
518,PO（瑞典）
103,交互题
519,PAIO
88,浙江
39,四川
538,Google Kick Start
98,吉林
422,青岛
70,福建省历届夏令营
126,广度优先搜索 BFS
127,深度优先搜索 DFS
139,背包 DP
3,动态规划 DP
6,图论
160,最短路
476,Floyd 算法
448,整除分块
102,IOI
344,1996
16,1999
129,记忆化搜索
10,高精度
152,树形 DP
235,哈希 hashing
300,字典树 Trie
78,离散化
47,并查集
175,连通块
259,容斥原理
464,状压 DP
20,2003
51,堆
273,线性递推
8,计算几何
261,Catalan 数
328,天津
128,剪枝
253,排列组合
148,优先队列
523,模板题
56,单调队列
42,线段树
17,2000
77,NOI
262,Stirling 数
11,树形数据结构
15,1998
444,线性 DP
93,湖南
465,bitset
40,河南
53,树状数组
360,链表
289,分块
252,组合数学
67,三分
52,集训队互测
473,哈希表
94,北京
276,逆元
211,最近公共祖先 LCA
475,线性筛法
158,图遍历
168,云南
342,CSP-S 提高级
208,树的遍历
334,BalticOI（波罗的海）
510,WF
9,暴力数据结构
309,随机化
117,CEOI（中欧）
365,Ad-hoc
522,西安
421,南京
408,澳门
420,济南
524,反悔贪心
89,上海
509,EC Final
141,数位 DP
409,GESP
298,扫描线
364,Dilworth 定理
230,树论
258,鸽笼原理
187,二分图
250,中国剩余定理 CRT
155,图论建模
278,微积分
529,横浜
514,Google Code Jam
38,重庆
526,CCPC
512,JOISC/JOIST（日本）
520,杭州
521,昆明
393,ROI（俄罗斯）
528,首尔
527,哈尔滨
511,NAC
437,NordicOI（北欧）
394,EGOI（欧洲/女生）
71,矩阵运算
272,矩阵乘法
290,ST 表
407,香港
166,生成树
329,Manacher 算法
91,江苏
185,差分约束
255,二项式定理
286,向量
292,叉积
50,平衡树
159,拓扑排序
144,区间 DP
478,COI（克罗地亚）
131,迭代加深搜索
483,树的重心
43,倍增
202,分数规划
179,强连通分量
380,折半搜索 meet in the middle
180,Tarjan
501,SEERC
447,离线处理
133,Dancing Links
181,双连通分量
65,颜色段均摊（珂朵莉树 ODT）
385,单调栈
368,笛卡尔树
320,基环树
266,概率论
274,高斯消元
410,Prüfer 序列
174,负权环
130,启发式搜索
135,模拟退火
95,河北
455,Bézout 定理
79,网络流
332,网络流与线性规划 24 题
305,有限状态自动机
242,扩展欧几里德算法
234,可持久化
173,最小环
118,eJOI（欧洲）
213,树的直径
346,AGM
115,CCO（加拿大）
308,其它技巧
432,THUSC
302,KMP 算法
474,Z 函数
411,调和级数
41,莫队
233,可持久化线段树
146,动态规划优化
535,KTSC（韩国）
438,THUWC
351,通信题
445,SG 函数
468,整数规划
149,矩阵加速
515,Moscow Olympiad
371,根号分治
462,欧拉函数
533,MCC/MCO（马来西亚）
454,行列式
415,欧拉降幂
186,仙人掌
198,最小割
204,费用流
263,A* 算法
182,欧拉回路
132,启发式迭代加深搜索 IDA*
323,轮廓线 DP
154,四边形不等式
477,启发式合并
460,CTSC/CTS
100,cdq 分治
303,后缀数组 SA
55,树上启发式合并
49,点分治
301,AC 自动机
172,平面图
85,APIO
153,凸完全单调性（wqs 二分）
232,树套树
228,树链剖分
264,生成函数
350,圆方树
229,动态树 LCT
271,线性代数
439,BalkanOI（巴尔干半岛）
176,2-SAT
417,拉格朗日插值法
162,贵州
459,WC
331,CTT（清华集训/北大集训）
379,线段树合并
449,极角排序
247,置换
293,线段相交
101,后缀自动机 SAM
446,线段树分治
513,COTS（克罗地亚）
282,定积分
505,INOI（伊朗）
265,线性规划
413,近似算法
326,快速沃尔什变换 FWT
324,快速数论变换 NTT
325,回文自动机 PAM
68,Kruskal 重构树
277,线性基
537,IATI（保加利亚/东欧）
280,导数
281,积分
291,凸包
396,梯度下降法
251,莫比乌斯反演
458,鞅的停时定理
321,K-D Tree
215,可并堆
316,整体二分
69,多项式
378,吉司机线段树 segment tree beats
214,霍夫曼树
452,大步小步算法 BSGS
322,Lucas 定理
508,斜率维护技巧 slope trick
443,动态 DP
311,博弈树
313,快速傅里叶变换 FFT
177,平面图欧拉公式
295,半平面交
197,上下界网络流
163,广西
466,特征值
150,斜率优化
370,Nim 积
451,Dirichlet 卷积
249,虚树
151,状态合并
66,原根
375,均摊分析
463,决策单调性
531,二区间合并（猫树分治）
441,RMI（罗马尼亚）
136,随机调整
541,Hall 定理
348,Ynoi
423,Stern-Brocot 树
457,随机游走 Markov Chain
453,二次剩余
507,整体转移
327,快速莫比乌斯变换 FMT
246,群论
377,李超线段树
64,矩阵树定理
304,后缀树
388,类欧几里得算法
387,杨表
435,DP 套 DP
471,最大流最小割定理
530,广义串并联图
248,Pólya 定理
525,闵可夫斯基和 Minkowski sum
299,旋转卡壳
341,2077
382,动态树分治
283,三维计算几何
450,弦图
461,杜教筛
373,模拟费用流
472,全局平衡二叉树
540,亚线性快速求和算法
416,集合幂级数，子集卷积
189,一般图的最大匹配
484,保序回归
480,单位根反演
374,分散层叠
63,LGV 引理
419,Lyndon 分解
496,后缀平衡树
137,遗传算法
369,拟阵
114,山西
539,KTT / Kinetic Tournament Tree
412,拉格朗日乘数法
134,爬山算法 Local search
284,级数
372,拉格朗日反演
391,Berlekamp-Massey(BM) 算法
467,组合优化
122,信息论
362,2078
424,2079
353,tag#353
356,tag#356
