来源,id,题目名,难度或rating,标签
洛谷,P1000,"超级玛丽游戏",入门,字符串;O2优化
洛谷,P1001,"A+B Problem",入门,模拟
洛谷,P1002,"[NOIP 2002 普及组] 过河卒",普及-,动态规划 DP;递推;2002;NOIP 普及组;记忆化搜索
洛谷,P1003,"[NOIP 2011 提高组] 铺地毯",普及-,模拟;2011;NOIP 提高组;枚举
洛谷,P1004,"[NOIP 2000 提高组] 方格取数",普及+/提高-,动态规划 DP;2000;递归;NOIP 提高组;深度优先搜索 DFS;剪枝;记忆化搜索
洛谷,P1006,"[NOIP 2008 提高组] 传纸条",普及+/提高-,动态规划 DP;2008;NOIP 提高组;费用流
洛谷,P1007,"独木桥",普及,模拟;贪心
洛谷,P1008,"[NOIP 1998 普及组] 三连击",普及-,模拟;1998;NOIP 普及组;提交答案;枚举
洛谷,P1009,"[NOIP 1998 普及组] 阶乘之和",普及-,数学;高精度;1998;NOIP 普及组
洛谷,P1010,"[NOIP 1998 普及组] 幂次方",普及-,数学;1998;递归;NOIP 普及组;分治
洛谷,P1011,"[NOIP 1998 提高组] 车站",普及-,数学;1998;NOIP 提高组;Fibonacci 数列
洛谷,P1012,"[NOIP 1998 提高组] 拼数",普及+/提高-,字符串;贪心;1998;NOIP 提高组;排序
洛谷,P1013,"[NOIP 1998 提高组] 进制位",普及+/提高-,搜索;1998;NOIP 提高组;枚举;进制
洛谷,P1014,"[NOIP 1999 普及组] Cantor 表",普及-,模拟;数学;1999;NOIP 普及组;枚举
洛谷,P1015,"[NOIP 1999 普及组] 回文数",普及-,模拟;高精度;1999;NOIP 普及组;进制
洛谷,P1016,"[NOIP 1999 普及组/提高组] 旅行家的预算",普及,模拟;搜索;贪心;1999;递归;NOIP 普及组;NOIP 提高组;反悔贪心
洛谷,P1017,"[NOIP 2000 提高组] 进制转换",普及-,模拟;数学;2000;NOIP 提高组;进制
洛谷,P1018,"[NOIP 2000 提高组] 乘积最大",普及+/提高-,动态规划 DP;搜索;高精度;2000;NOIP 提高组;深度优先搜索 DFS;线性 DP
洛谷,P1019,"[NOIP 2000 提高组] 单词接龙（疑似错题）",普及,字符串;动态规划 DP;搜索;递推;2000;NOIP 提高组;状压 DP
洛谷,P1020,"[NOIP 1999 提高组] 导弹拦截",普及+/提高-,动态规划 DP;贪心;1999;线段树;二分;树状数组;离散化;NOIP 提高组;Special Judge;Dilworth 定理;线性 DP
洛谷,P1022,"[NOIP 2000 普及组] 计算器的改良",普及,模拟;字符串;数学;2000;NOIP 普及组
洛谷,P1024,"[NOIP 2001 提高组] 一元三次方程求解",入门,模拟;数学;2001;二分;NOIP 提高组;O2优化;枚举;分治
洛谷,P1025,"[NOIP 2001 提高组] 数的划分",普及,动态规划 DP;搜索;递推;2001;NOIP 提高组;剪枝
洛谷,P1026,"[NOIP 2001 提高组] 统计单词个数",普及+/提高-,字符串;动态规划 DP;2001;NOIP 提高组;枚举;区间 DP
洛谷,P1028,"[NOIP 2001 普及组] 数的计算",普及-,动态规划 DP;递推;2001;递归;NOIP 普及组
洛谷,P1029,"[NOIP 2001 普及组] 最大公约数和最小公倍数问题",普及-,数学;2001;NOIP 普及组;枚举;最大公约数 gcd
洛谷,P1030,"[NOIP 2001 普及组] 求先序排列",普及-,字符串;树形数据结构;2001;递归;NOIP 普及组;深度优先搜索 DFS
洛谷,P1031,"[NOIP 2002 提高组] 均分纸牌",普及-,模拟;贪心;2002;NOIP 提高组
洛谷,P1032,"[NOIP 2002 提高组] 字串变换（疑似错题）",普及+/提高-,字符串;搜索;2002;NOIP 提高组;广度优先搜索 BFS;剪枝;折半搜索 meet in the middle
洛谷,P1035,"[NOIP 2002 普及组] 级数求和",入门,模拟;数学;2002;NOIP 普及组
洛谷,P1036,"[NOIP 2002 普及组] 选数",普及-,搜索;2002;NOIP 普及组;深度优先搜索 DFS;剪枝;素数判断
洛谷,P1037,"[NOIP 2002 普及组] 产生数",普及,搜索;图论;高精度;2002;NOIP 普及组;广度优先搜索 BFS;深度优先搜索 DFS;图论建模;Floyd 算法
洛谷,P1039,"[NOIP 2003 提高组] 侦探推理",提高,模拟;字符串;2003;NOIP 提高组;枚举
洛谷,P1040,"[NOIP 2003 提高组] 加分二叉树",普及+/提高-,动态规划 DP;2003;递归;NOIP 提高组;Special Judge;O2优化;区间 DP;树形 DP
洛谷,P1042,"[NOIP 2003 普及组] 乒乓球",普及-,模拟;字符串;2003;NOIP 普及组
洛谷,P1044,"[NOIP 2003 普及组] 栈",普及-,动态规划 DP;数学;递推;2003;NOIP 普及组;Catalan 数;栈
洛谷,P1045,"[NOIP 2003 普及组] 麦森数",普及,数学;高精度;2003;NOIP 普及组
洛谷,P1046,"[NOIP 2005 普及组] 陶陶摘苹果",入门,模拟;2005;NOIP 普及组
洛谷,P1047,"[NOIP 2005 普及组] 校门外的树",入门,模拟;2005;NOIP 普及组
洛谷,P1048,"[NOIP 2005 普及组] 采药",普及-,动态规划 DP;2005;NOIP 普及组;背包 DP
洛谷,P1049,"[NOIP 2001 普及组] 装箱问题",普及-,动态规划 DP;2001;递归;NOIP 普及组;深度优先搜索 DFS;背包 DP
洛谷,P1055,"[NOIP 2008 普及组] ISBN 号码",普及-,模拟;字符串;2008;NOIP 普及组
洛谷,P1059,"[NOIP 2006 普及组] 明明的随机数",普及-,模拟;2006;NOIP 普及组;排序;STL
洛谷,P1063,"[NOIP 2006 提高组] 能量项链",普及+/提高-,动态规划 DP;2006;递归;NOIP 提高组;枚举;区间 DP
洛谷,P1065,"[NOIP 2006 提高组] 作业调度方案",普及,模拟;2006;NOIP 提高组
洛谷,P1067,"[NOIP 2009 普及组] 多项式输出",普及-,模拟;字符串;数学;2009;NOIP 普及组
洛谷,P1068,"[NOIP 2009 普及组] 分数线划定",普及-,模拟;2009;NOIP 普及组;排序
洛谷,P1069,"[NOIP 2009 普及组] 细胞分裂",普及+/提高-,数学;2009;NOIP 普及组;素数判断
洛谷,P1073,"[NOIP 2009 提高组] 最优贸易",普及+/提高-,动态规划 DP;搜索;图论;2009;NOIP 提高组;最短路;强连通分量;Tarjan
洛谷,P1075,"[NOIP 2012 普及组] 质因数分解",普及-,数学;2012;NOIP 普及组;素数判断
洛谷,P1076,"[NOIP 2012 普及组] 寻宝",普及,模拟;2012;NOIP 普及组
洛谷,P1080,"[NOIP 2012 提高组] 国王游戏",提高,贪心;高精度;2012;NOIP 提高组;排序
洛谷,P1082,"[NOIP 2012 提高组] 同余方程",普及+/提高-,数学;2012;数论;NOIP 提高组;扩展欧几里德算法;逆元
洛谷,P1087,"[NOIP 2004 普及组] FBI 树",普及-,字符串;搜索;树形数据结构;2004;递归;NOIP 普及组
洛谷,P1088,"[NOIP 2004 普及组] 火星人",普及-,模拟;搜索;数学;2004;NOIP 普及组;排序
洛谷,P1089,"[NOIP 2004 提高组] 津津的储蓄计划",入门,模拟;2004;NOIP 提高组;枚举
洛谷,P1090,"[NOIP 2004 提高组] 合并果子",普及,贪心;2004;堆;NOIP 提高组;优先队列
洛谷,P1091,"[NOIP 2004 提高组] 合唱队形",普及-,动态规划 DP;2004;NOIP 提高组;线性 DP
洛谷,P1093,"[NOIP 2007 普及组] 奖学金",普及-,模拟;数学;2007;NOIP 普及组;排序
洛谷,P1094,"[NOIP 2007 普及组] 纪念品分组",普及-,贪心;2007;NOIP 普及组;排序;双指针 two-pointer
洛谷,P1097,"[NOIP 2007 提高组] 统计数字",普及-,模拟;2007;NOIP 提高组;排序
洛谷,P1098,"[NOIP 2007 提高组] 字符串的展开",普及-,模拟;字符串;2007;NOIP 提高组
洛谷,P1100,"高低位交换",普及-,字符串;数学;进制;位运算
洛谷,P1101,"单词方阵",普及-,模拟;字符串;搜索;枚举
洛谷,P1102,"A-B 数对",普及-,模拟;数学;二分;离散化;排序;哈希 hashing;双指针 two-pointer;STL
洛谷,P1104,"生日",普及-,模拟;字符串;排序
洛谷,P1106,"删数问题",普及,字符串;贪心;ST 表;链表
洛谷,P1108,"[USACO99FALL] Buy Low, Buy Lower",普及,动态规划 DP;递推;1999;USACO;枚举
洛谷,P1113,"[USACO02FEB] 杂务",普及,动态规划 DP;图论;递推;2002;USACO;拓扑排序
洛谷,P1115,"最大子段和",普及-,动态规划 DP;贪心;递推;分治;前缀和;线性 DP
洛谷,P1116,"车厢重组",普及-,模拟;排序
洛谷,P1121,"环状最大两段子段和",普及+/提高-,动态规划 DP;线性数据结构;枚举
洛谷,P1125,"[NOIP 2008 提高组] 笨小猴",普及-,模拟;字符串;2008;NOIP 提高组;素数判断
洛谷,P1127,"词链",普及+/提高-,字符串;搜索;图论;并查集;欧拉回路
洛谷,P1135,"奇怪的电梯",普及,模拟;广度优先搜索 BFS;深度优先搜索 DFS;最短路
洛谷,P1138,"第 k 小整数",普及-,模拟;排序
洛谷,P1141,"01迷宫",普及,搜索;并查集;广度优先搜索 BFS;深度优先搜索 DFS;队列
洛谷,P1143,"进制转换",普及-,数学;进制
洛谷,P1146,"硬币翻转",普及-,模拟;搜索;数学
洛谷,P1149,"[NOIP 2008 提高组] 火柴棒等式",普及-,搜索;2008;NOIP 提高组;枚举
洛谷,P1150,"Peter 的烟",入门,模拟;数学
洛谷,P1152,"欢乐的跳",入门,模拟;枚举;排序
洛谷,P1157,"组合的输出",普及-,搜索;递归;排列组合
洛谷,P1160,"队列安排",普及,模拟;线性数据结构;构造;链表
洛谷,P1161,"开灯",入门,模拟;进制
洛谷,P1162,"填涂颜色",普及-,搜索;洛谷原创;广度优先搜索 BFS;深度优先搜索 DFS;连通块;队列
洛谷,P1163,"银行贷款",普及-,数学;二分
洛谷,P1164,"小 A 点菜",普及-,动态规划 DP;洛谷原创;记忆化搜索;背包 DP
洛谷,P1168,"中位数",普及,线段树;二分;堆;树状数组;优先队列;STL
洛谷,P1177,"【模板】排序",普及-,排序;模板题
洛谷,P1179,"[NOIP 2010 普及组] 数字统计",入门,模拟;2010;NOIP 普及组
洛谷,P1182,"数列分段 Section II",普及,贪心;二分;前缀和
洛谷,P1185,"绘制二叉树",普及+/提高-,模拟
洛谷,P1189,"[COI 2001] SEARCH",普及,搜索;2001;广度优先搜索 BFS;深度优先搜索 DFS;记忆化搜索;迭代加深搜索;COI（克罗地亚）
洛谷,P1190,"[NOIP 2010 普及组] 接水问题",普及-,模拟;搜索;贪心;2010;堆;NOIP 普及组;优先队列;STL
洛谷,P1192,"台阶问题",普及-,递推;Fibonacci 数列;线性递推
洛谷,P1200,"[USACO1.1] Your Ride Is Here",入门,字符串;数学;USACO
洛谷,P1205,"[USACO1.2] Transformations",普及,模拟;搜索;USACO
洛谷,P1208,"[USACO1.3] Mixing Milk",普及-,贪心;USACO
洛谷,P1216,"[IOI 1994 / USACO1.5] Number Triangles",普及-,动态规划 DP;递推;USACO;IOI
洛谷,P1217,"[USACO1.5] Prime Palindromes",普及-,USACO;枚举;素数判断
洛谷,P1219,"[USACO1.5] 八皇后 Checker Challenge",普及,搜索;USACO;深度优先搜索 DFS
洛谷,P1223,"排队接水",普及-,贪心;排序
洛谷,P1226,"【模板】快速幂",普及-,数学;递推;递归;分治;位运算;模板题
洛谷,P1228,"地毯填补问题",普及,递归;Special Judge;分治
洛谷,P1229,"遍历问题",普及,树形数据结构
洛谷,P1233,"[ICPC 2001 Taejon R] 木棍加工",普及,动态规划 DP;贪心;2001;ICPC;Dilworth 定理
洛谷,P1241,"括号序列",普及-,O2优化;栈
洛谷,P1249,"最大乘积",普及,贪心;高精度
洛谷,P1253,"扶苏的问题",普及+/提高-,2018;线段树;O2优化
洛谷,P1255,"数楼梯",普及-,高精度;递推;Fibonacci 数列
洛谷,P1259,"黑白棋子的移动",普及,递归;Special Judge
洛谷,P1271,"【深基9.例1】选举学生会",普及-,排序
洛谷,P1276,"校门外的树（增强版）",普及-,模拟
洛谷,P1280,"[CHCI 2002 National Competition #2 Juniors] 尼克的任务",普及,动态规划 DP;图论;2002;枚举;排序;最短路;COCI（克罗地亚）
洛谷,P1281,"[CERC1998] 书的复制",普及,动态规划 DP;贪心;1998;二分;ICPC;CERC
洛谷,P1290,"欧几里德的游戏",普及+/提高-,数学;博弈论;递归
洛谷,P1303,"A*B Problem",普及-,模拟;高精度
洛谷,P1305,"新二叉树",普及-,字符串;搜索;树形数据结构;递归
洛谷,P1306,"斐波那契公约数",提高,数学;倍增;线性数据结构;递归;最大公约数 gcd;Fibonacci 数列
洛谷,P1307,"[NOIP 2011 普及组] 数字反转",入门,模拟;字符串;2011;NOIP 普及组
洛谷,P1308,"[NOIP 2011 普及组] 统计单词数",普及-,模拟;字符串;2011;NOIP 普及组
洛谷,P1309,"[NOIP 2011 普及组] 瑞士轮",普及,模拟;2011;递归;NOIP 普及组;排序
洛谷,P1314,"[NOIP 2011 提高组] 聪明的质监员",普及,数学;2011;二分;NOIP 提高组;前缀和
洛谷,P1319,"压缩技术",入门,模拟;字符串;洛谷原创
洛谷,P1320,"压缩技术（续集版）",入门,模拟;字符串;洛谷原创
洛谷,P1321,"单词覆盖还原",入门,模拟;字符串;洛谷原创
洛谷,P1327,"数列排序",普及,数学;福建省历届夏令营;离散化
洛谷,P1328,"[NOIP 2014 提高组] 生活大爆炸版石头剪刀布",普及-,模拟;2014;NOIP 提高组
洛谷,P1330,"封锁阳光大学",普及,搜索;图论;并查集;福建省历届夏令营;广度优先搜索 BFS;深度优先搜索 DFS;二分图
洛谷,P1332,"血色先锋队",普及,模拟;搜索;福建省历届夏令营;广度优先搜索 BFS
洛谷,P1347,"[ECNA 2001] 排序",普及+/提高-,图论;2001;并查集;福建省历届夏令营;拓扑排序;ICPC
洛谷,P1348,"Couple number",普及-,数学;福建省历届夏令营;枚举
洛谷,P1352,"没有上司的舞会",普及,动态规划 DP;福建省历届夏令营;树形 DP
洛谷,P1359,"租用游艇",普及-,动态规划 DP;图论;福建省历届夏令营;最短路;Floyd 算法
洛谷,P1363,"幻象迷宫",普及+/提高-,搜索;图论;并查集;广度优先搜索 BFS;深度优先搜索 DFS;栈
洛谷,P1364,"医院设置",普及,动态规划 DP;树形数据结构;广度优先搜索 BFS;深度优先搜索 DFS;树形 DP;最短路;树的重心
洛谷,P1379,"八数码难题",普及+/提高-,搜索;福建省历届夏令营;枚举;广度优先搜索 BFS;启发式迭代加深搜索 IDA*;哈希 hashing;A* 算法;STL
洛谷,P1387,"最大正方形",普及-,动态规划 DP;福建省历届夏令营;枚举;前缀和
洛谷,P1390,"公约数的和",提高,数学;数论;O2优化;莫比乌斯反演;容斥原理;整除分块;欧拉函数
洛谷,P1420,"最长连号",入门,模拟
洛谷,P1421,"小玉买文具",入门,模拟
洛谷,P1422,"小玉家的电费",入门,分支结构
洛谷,P1423,"小玉在游泳",入门,
洛谷,P1424,"小鱼的航程（改进版）",入门,
洛谷,P1425,"小鱼的游泳时间",入门,数学;枚举
洛谷,P1427,"小鱼的数字游戏",入门,栈
洛谷,P1428,"小鱼比可爱",入门,模拟
洛谷,P1433,"吃奶酪",普及+/提高-,动态规划 DP;搜索;深度优先搜索 DFS;剪枝;模拟退火;状压 DP
洛谷,P1434,"[SHOI2002] 滑雪",普及,动态规划 DP;搜索;2002;各省省选;递归;上海;记忆化搜索
洛谷,P1439,"两个排列的最长公共子序列",普及+/提高-,动态规划 DP;二分;树状数组
洛谷,P1440,"求m区间内的最小值",普及,单调队列;队列;ST 表
洛谷,P1443,"马的遍历",普及-,搜索;Special Judge;广度优先搜索 BFS;队列
洛谷,P1449,"后缀表达式",普及-,模拟;字符串;线性数据结构;栈
洛谷,P1451,"求细胞数量",普及-,搜索;广度优先搜索 BFS;深度优先搜索 DFS
洛谷,P1455,"搭配购买",普及,并查集;背包 DP;强连通分量
洛谷,P1464,"[PacNW 1999] Function",普及-,搜索;1999;递归;记忆化搜索;ICPC
洛谷,P1469,"找筷子",普及-,数学;O2优化;位运算
洛谷,P1478,"陶陶摘苹果（升级版）",普及-,贪心;洛谷原创;排序;背包 DP
洛谷,P1480,"A/B Problem（高精度除法Ⅰ）",普及-,模拟;高精度
洛谷,P1498,"南蛮图腾",普及,字符串;递归;湖南;分治;深度优先搜索 DFS
洛谷,P1510,"精卫填海",普及-,动态规划 DP;背包 DP
洛谷,P1518,"[USACO2.4] 两只塔姆沃斯牛 The Tamworth Two",普及,模拟;USACO
洛谷,P1522,"[USACO2.4] 牛的旅行 Cow Tours",普及+/提高-,图论;USACO;枚举;最短路
洛谷,P1525,"[NOIP 2010 提高组] 关押罪犯",普及+/提高-,图论;贪心;2010;二分;并查集;NOIP 提高组;排序;二分图
洛谷,P1536,"村村通",普及-,图论;并查集;广度优先搜索 BFS;深度优先搜索 DFS;连通块
洛谷,P1540,"[NOIP 2010 提高组] 机器翻译",普及-,模拟;2010;NOIP 提高组;队列
洛谷,P1548,"[NOIP 1997 普及组] 棋盘问题",入门,1997;NOIP 普及组;枚举
洛谷,P1551,"亲戚",普及,并查集
洛谷,P1553,"数字反转（升级版）",普及-,模拟;字符串;洛谷原创
洛谷,P1554,"[USACO06DEC] 梦中的统计 Dream Counting B",入门,模拟;字符串;数学;2006;USACO
洛谷,P1562,"还是 N 皇后",普及,搜索;进制;位运算
洛谷,P1563,"[NOIP 2016 提高组] 玩具谜题",普及-,模拟;2016;NOIP 提高组
洛谷,P1572,"计算分数",普及-,模拟;字符串;洛谷原创
洛谷,P1576,"最小花费",普及,图论;最短路
洛谷,P1581,"A+B Problem（升级版）",普及-,模拟;字符串;高精度;素数判断
洛谷,P1591,"阶乘数码",普及-,数学;高精度
洛谷,P1596,"[USACO10OCT] Lake Counting S",普及-,搜索;图论;2010;USACO;广度优先搜索 BFS;深度优先搜索 DFS;连通块
洛谷,P1597,"语句解析",入门,模拟;字符串
洛谷,P1598,"[USACO03FEB] 垂直柱状图 Vertical Histogram",普及-,模拟;字符串;2003;USACO
洛谷,P1601,"高精度加法",普及-,模拟;高精度
洛谷,P1603,"斯诺登的密码",普及-,模拟;字符串;贪心;洛谷原创;排序
洛谷,P1604,"B进制星球",普及-,模拟;数学;高精度;进制
洛谷,P1605,"迷宫",普及-,搜索;递推;USACO;枚举
洛谷,P1614,"爱与愁的心痛",入门,模拟;贪心;洛谷原创;枚举;前缀和
洛谷,P1616,"疯狂的采药",普及-,动态规划 DP;洛谷原创;背包 DP
洛谷,P1618,"三连击（升级版）",普及-,模拟;枚举
洛谷,P1619,"解一元二次方程的烦恼",普及,模拟;字符串;数学;洛谷原创
洛谷,P1621,"集合",普及+/提高-,搜索;并查集;素数判断
洛谷,P1631,"序列合并",普及+/提高-,二分;堆;排序
洛谷,P1638,"逛画展",普及,二分;USACO;单调队列;队列;双指针 two-pointer
洛谷,P1678,"烦恼的高考志愿",普及-,模拟;贪心;二分;排序
洛谷,P1706,"全排列问题",普及-,搜索;数学;递归;深度优先搜索 DFS
洛谷,P1719,"最大加权矩形",普及,动态规划 DP;递推;枚举;前缀和
洛谷,P1720,"月落乌啼算钱（斐波那契数列）",入门,模拟;数学;递推;洛谷原创;Fibonacci 数列
洛谷,P1723,"高手过愚人节",提高,字符串;洛谷原创;Manacher 算法
洛谷,P1733,"猜数（IO交互版）",普及-,二分;交互题;Special Judge
洛谷,P1734,"最大约数和",普及-,动态规划 DP;背包 DP
洛谷,P1739,"表达式括号匹配",入门,模拟;字符串;线性数据结构;栈
洛谷,P1747,"好奇怪的游戏",普及,模拟;搜索;数学;广度优先搜索 BFS
洛谷,P1757,"通天之分组背包",普及-,动态规划 DP;背包 DP
洛谷,P1765,"手机",入门,模拟;字符串;NOI 导刊;枚举
洛谷,P1774,"最接近神的人",普及,线段树;树状数组;递归;离散化;NOI 导刊;排序
洛谷,P1781,"宇宙总统",普及-,字符串;高精度;洛谷原创;排序
洛谷,P1786,"帮贡排序",普及,模拟;排序
洛谷,P1789,"【Mc生存】插火把",普及-,模拟;洛谷原创
洛谷,P1794,"装备运输",普及-,动态规划 DP;NOI 导刊;背包 DP
洛谷,P1801,"黑匣子",普及,线段树;平衡树;堆;NOI 导刊;O2优化
洛谷,P1803,"凌乱的yyy / 线段覆盖",普及-,模拟;贪心;排序
洛谷,P1807,"最长路",普及,动态规划 DP;图论;NOI 导刊;广度优先搜索 BFS;拓扑排序;最短路
洛谷,P1816,"忠诚",普及,线段树;倍增;树状数组;ST 表
洛谷,P1823,"[COI 2007] Patrik 音乐会的等待",普及+/提高-,2007;栈;单调栈;COI（克罗地亚）
洛谷,P1825,"[USACO11OPEN] Corn Maze S",普及,模拟;搜索;2011;USACO;广度优先搜索 BFS;最短路
洛谷,P1827,"[USACO3.4] 美国血统 American Heritage",普及-,模拟;树形数据结构;USACO;递归;构造
洛谷,P1828,"[USACO3.2] 香甜的黄油 Sweet Butter",普及,图论;USACO;最短路;队列
洛谷,P1832,"A+B Problem（再升级）",普及-,动态规划 DP;数学;递推;洛谷原创;背包 DP;素数判断
洛谷,P1854,"[IOI 1999] 花店橱窗布置",普及,动态规划 DP;1999;IOI;Special Judge;记忆化搜索
洛谷,P1865,"A % B Problem",普及,搜索;二分;洛谷原创;素数判断;前缀和;线性筛法
洛谷,P1866,"编号",普及-,数学;递推;NOI 导刊;排序
洛谷,P1873,"[COCI 2011/2012 #5] EKO / 砍树",普及-,贪心;2011;二分;COCI（克罗地亚）
洛谷,P1880,"[NOI1995] 石子合并",普及+/提高-,动态规划 DP;NOI;区间 DP;四边形不等式
洛谷,P1883,"【模板】三分 / 函数 / [ICPC 2010 Chengdu R] Error Curves",普及,搜索;2010;二分;三分;ICPC;模板题;成都
洛谷,P1886,"【模板】单调队列 / 滑动窗口",普及,单调队列;队列;模板题
洛谷,P1888,"三角函数",入门,数学;排序;最大公约数 gcd
洛谷,P1892,"[BalticOI 2003] 团伙 (Day 2)",普及+/提高-,图论;2003;并查集;图遍历;BalticOI（波罗的海）
洛谷,P1908,"逆序对",普及,线段树;树状数组;递归;离散化;分治;排序;扫描线;字典树 Trie
洛谷,P1909,"[NOIP 2016 普及组] 买铅笔",入门,模拟;2016;NOIP 普及组
洛谷,P1914,"小书童——凯撒密码",入门,模拟;字符串
洛谷,P1918,"保龄球",普及-,模拟;二分;STL
洛谷,P1919,"【模板】高精度乘法 / A*B Problem 升级版",省选/NOI-,高精度;O2优化;分治;快速傅里叶变换 FFT;快速数论变换 NTT;模板题
洛谷,P1923,"【深基9.例4】求第 k 小的数",普及-,分治
洛谷,P1927,"防护伞",普及-,模拟;枚举;剪枝
洛谷,P1928,"外星密码",普及,模拟;字符串;递归;分治
洛谷,P1932,"A+B A-B A*B A/B A%B Problem",普及+/提高-,数学;高精度;洛谷原创
洛谷,P1955,"[NOI2015] 程序自动分析",普及+/提高-,2015;并查集;NOI;离散化;哈希 hashing;启发式合并
洛谷,P1957,"口算练习题",普及-,模拟;字符串
洛谷,P1962,"斐波那契数列",普及+/提高-,数学;递推;倍增;矩阵运算;矩阵加速;Fibonacci 数列;矩阵乘法
洛谷,P1965,"[NOIP 2013 提高组] 转圈游戏",普及-,模拟;数学;2013;NOIP 提高组
洛谷,P1969,"[NOIP 2013 提高组] 积木大赛",普及,贪心;2013;NOIP 提高组;差分
洛谷,P1980,"[NOIP 2013 普及组] 计数问题",入门,模拟;字符串;2013;NOIP 普及组
洛谷,P1983,"[NOIP 2013 普及组] 车站分级",普及+/提高-,图论;贪心;2013;NOIP 普及组;O2优化;排序;图论建模;拓扑排序
洛谷,P1986,"元旦晚会",普及,贪心;排序;差分约束
洛谷,P1990,"覆盖墙壁",普及,递推
洛谷,P1996,"约瑟夫问题",普及-,模拟;树状数组;队列;链表
洛谷,P2004,"领地选择",普及-,洛谷原创;前缀和
洛谷,P2014,"[CTSC1997] 选课",普及+/提高-,动态规划 DP;搜索;1997;背包 DP;树形 DP;CTSC/CTS
洛谷,P2024,"[NOI2001] 食物链",普及+/提高-,2001;并查集;NOI
洛谷,P2036,"[COCI 2008/2009 #2] PERKET",普及-,模拟;搜索;2008;COCI（克罗地亚）
洛谷,P2040,"打开所有的灯",普及,模拟;搜索;递归;枚举;剪枝
洛谷,P2058,"[NOIP 2016 普及组] 海港",普及,模拟;2016;NOIP 普及组;优先队列;队列;双指针 two-pointer
洛谷,P2066,"机器分配",普及,动态规划 DP;搜索;背包 DP
洛谷,P2068,"统计和",普及+/提高-,线段树;树状数组
洛谷,P2085,"最小函数值",普及,数学;堆;排序;优先队列
洛谷,P2089,"烤鸡",普及-,搜索;递归;洛谷原创;枚举
洛谷,P2105,"K皇后",普及,枚举
洛谷,P2118,"[NOIP 2014 普及组] 比例简化",普及-,数学;2014;NOIP 普及组;枚举;最大公约数 gcd
洛谷,P2141,"[NOIP 2014 普及组] 珠心算测验",普及-,模拟;2014;NOIP 普及组;枚举
洛谷,P2142,"高精度减法",普及-,模拟;高精度;洛谷原创
洛谷,P2181,"对角线",普及,数学;洛谷原创;组合数学
洛谷,P2216,"[HAOI2007] 理想的正方形",普及+/提高-,2007;河南;各省省选;单调队列;队列;ST 表
洛谷,P2234,"[HNOI2002] 营业额统计",普及-,2002;二分;各省省选;湖南;排序
洛谷,P2239,"[NOIP 2014 普及组] 螺旋矩阵",普及,模拟;数学;2014;递归;NOIP 普及组
洛谷,P2240,"【深基12.例1】部分背包问题",普及-,贪心
洛谷,P2241,"统计方形（数据加强版）",普及-,数学;1997;NOIP 普及组;枚举
洛谷,P2249,"【深基13.例1】查找",普及-,二分
洛谷,P2280,"[HNOI2003] 激光炸弹",普及,动态规划 DP;2003;各省省选;湖南;枚举;前缀和
洛谷,P2285,"[HNOI2004] 打鼹鼠",普及,动态规划 DP;递推;2004;各省省选;湖南;最短路
洛谷,P2324,"[SCOI2005] 骑士精神",提高,搜索;2005;四川;各省省选;广度优先搜索 BFS;启发式搜索;启发式迭代加深搜索 IDA*;A* 算法;折半搜索 meet in the middle
洛谷,P2330,"[SCOI2005] 繁忙的都市",普及,图论;2005;四川;二分;并查集;各省省选;生成树
洛谷,P2346,"四子连棋",普及+/提高-,搜索;深度优先搜索 DFS;启发式搜索;迭代加深搜索;启发式迭代加深搜索 IDA*
洛谷,P2357,"守墓人",普及+/提高-,线段树;树状数组;分块
洛谷,P2386,"放苹果",普及-,搜索;递归;深度优先搜索 DFS
洛谷,P2392,"kkksc03 考前临时抱佛脚",普及-,动态规划 DP;搜索;2015;递归;洛谷原创;背包 DP;洛谷月赛
洛谷,P2397,"yyy loves Maths VI (mode) / 摩尔投票",普及-,模拟;2015;洛谷原创;洛谷月赛
洛谷,P2404,"自然数的拆分问题",普及-,搜索
洛谷,P2415,"集合求和",普及-,数学;2015;洛谷原创;排列组合;洛谷月赛
洛谷,P2433,"【深基1-2】小学数学 N 合一",普及-,模拟;数学;提交答案
洛谷,P2437,"蜜蜂路线",普及-,高精度;递推;Fibonacci 数列
洛谷,P2440,"木材加工",普及,贪心;二分
洛谷,P2455,"[SDOI2006] 线性方程组",提高,数学;2006;各省省选;山东;Special Judge;线性代数;高斯消元
洛谷,P2550,"[AHOI2001] 彩票摇奖",入门,2001;各省省选;安徽
洛谷,P2563,"[AHOI2001] 质数和分解",普及-,2001;各省省选;安徽;背包 DP;素数判断
洛谷,P2580,"于是他错误的点名开始了",普及,字符串;哈希 hashing;字典树 Trie;STL
洛谷,P2615,"[NOIP 2015 提高组] 神奇的幻方",普及-,模拟;2015;NOIP 提高组;枚举
洛谷,P2642,"最大双子段和",普及,动态规划 DP
洛谷,P2661,"[NOIP 2015 提高组] 信息传递",普及,图论;2015;并查集;NOIP 提高组;深度优先搜索 DFS;拓扑排序;强连通分量;Tarjan;基环树
洛谷,P2669,"[NOIP 2015 普及组] 金币",入门,模拟;数学;2015;NOIP 普及组
洛谷,P2670,"[NOIP 2015 普及组] 扫雷游戏",入门,字符串;搜索;2015;NOIP 普及组;枚举
洛谷,P2671,"[NOIP 2015 普及组] 求和",普及+/提高-,2015;线性数据结构;NOIP 普及组;排序;前缀和
洛谷,P2676,"[USACO07DEC] Bookshelf B",普及-,贪心;2007;USACO;排序
洛谷,P2678,"[NOIP 2015 提高组] 跳石头",普及,贪心;2015;二分;NOIP 提高组
洛谷,P2698,"[USACO12MAR] Flowerpot S",普及+/提高-,2012;二分;USACO;单调队列;双指针 two-pointer
洛谷,P2704,"[NOI2001] 炮兵阵地",提高,搜索;2001;NOI;记忆化搜索;进制;轮廓线 DP;状压 DP
洛谷,P2758,"编辑距离",普及,字符串;动态规划 DP;数学
洛谷,P2782,"友好城市",普及,动态规划 DP;线段树;二分;树状数组;排序
洛谷,P2814,"家谱",普及,字符串;搜索;图论;线性数据结构;并查集;树的遍历
洛谷,P2820,"局域网",普及,图论;并查集;生成树
洛谷,P2822,"[NOIP 2016 提高组] 组合数问题",普及,数学;2016;NOIP 提高组;组合数学;前缀和
洛谷,P2853,"[USACO06DEC] Cow Picnic S",普及,搜索;图论;贪心;2006;USACO;广度优先搜索 BFS;深度优先搜索 DFS;bitset;Floyd 算法
洛谷,P2866,"[USACO06NOV] Bad Hair Day S",普及,2006;USACO;栈;ST 表;单调栈
洛谷,P2871,"[USACO07DEC] Charm Bracelet S",普及-,动态规划 DP;2007;USACO;枚举;背包 DP
洛谷,P2880,"[USACO07JAN] Balanced Lineup G",普及,2007;线段树;USACO;树状数组;ST 表
洛谷,P2895,"[USACO08FEB] Meteor Shower S",普及,搜索;2008;USACO;广度优先搜索 BFS
洛谷,P2911,"[USACO08OCT] Bovine Bones G",入门,2008;USACO;枚举;期望
洛谷,P2947,"[USACO09MAR] Look Up S",普及,2009;USACO;单调栈
洛谷,P2949,"[USACO09OPEN] Work Scheduling G",普及,贪心;递推;2009;USACO;树状数组;离散化;优先队列;STL;反悔贪心
洛谷,P3156,"【深基15.例1】询问学号",入门,
洛谷,P3197,"[HNOI2008] 越狱",普及,数学;2008;各省省选;湖南;O2优化;组合数学;容斥原理
洛谷,P3366,"【模板】最小生成树",普及,图论;并查集;生成树;模板题
洛谷,P3367,"【模板】并查集",普及,并查集;O2优化;模板题
洛谷,P3368,"【模板】树状数组 2",普及+/提高-,树状数组;差分;模板题
洛谷,P3370,"【模板】字符串哈希",普及-,字符串;哈希 hashing;模板题
洛谷,P3371,"【模板】单源最短路径（弱化版）",普及,图论;O2优化;最短路;模板题
洛谷,P3372,"【模板】线段树 1",普及+/提高-,线段树;模板题
洛谷,P3373,"【模板】线段树 2",普及+/提高-,线段树;O2优化;模板题
洛谷,P3374,"【模板】树状数组 1",普及+/提高-,树状数组;模板题
洛谷,P3375,"【模板】KMP",普及+/提高-,字符串;O2优化;KMP 算法;模板题
洛谷,P3378,"【模板】堆",普及,堆;O2优化;优先队列;模板题
洛谷,P3379,"【模板】最近公共祖先（LCA）",普及,O2优化;最近公共祖先 LCA;模板题
洛谷,P3383,"【模板】线性筛素数",普及-,数学;数论;O2优化;素数判断;线性筛法;模板题
洛谷,P3389,"【模板】高斯消元法",提高,Special Judge;线性代数;高斯消元;模板题
洛谷,P3392,"涂条纹",普及-,模拟;2016;枚举;洛谷月赛
洛谷,P3395,"路障",普及,模拟;洛谷原创;O2优化;广度优先搜索 BFS;洛谷比赛
洛谷,P3397,"地毯",普及-,洛谷原创;枚举;前缀和;差分;洛谷比赛
洛谷,P3405,"[USACO16DEC] Cities and States S",普及-,字符串;2016;USACO;哈希表
洛谷,P3406,"海底高铁",普及,贪心;2015;前缀和;差分;JOI（日本）
洛谷,P3612,"[USACO17JAN] Secret Cow Code S",普及-,字符串;2017;USACO;递归;分治;栈
洛谷,P3613,"【深基15.例2】寄包柜",普及-,STL
洛谷,P3654,"First Step (ファーストステップ)",普及-,模拟;枚举;洛谷月赛
洛谷,P3741,"小果的键盘",入门,模拟;字符串;搜索
洛谷,P3743,"小鸟的设备",普及,贪心;二分;Special Judge
洛谷,P3799,"小 Y 拼木棒",普及,洛谷原创;枚举;组合数学;洛谷比赛
洛谷,P3805,"【模板】Manacher",提高,字符串;O2优化;Manacher 算法;模板题
洛谷,P3807,"【模板】卢卡斯定理 / Lucas 定理",提高,数学;递归;数论;素数判断;进制;组合数学;Lucas 定理;模板题
洛谷,P3811,"【模板】模意义下的乘法逆元",普及,数学;递推;数论;O2优化;素数判断;扩展欧几里德算法;逆元;线性筛法;模板题
洛谷,P3817,"小 A 的糖果",普及-,模拟;贪心;洛谷月赛
洛谷,P3853,"[TJOI2007] 路标设置",普及,模拟;搜索;2007;二分;各省省选;天津
洛谷,P3865,"【模板】ST 表 & RMQ 问题",普及,倍增;O2优化;ST 表;模板题
洛谷,P3879,"[TJOI2010] 阅读理解",普及-,字符串;2010;各省省选;哈希 hashing;字典树 Trie;天津;STL
洛谷,P3884,"[JLOI2009] 二叉树问题",普及,2009;各省省选;吉林;深度优先搜索 DFS;最近公共祖先 LCA
洛谷,P3912,"素数个数",普及-,数学;枚举;素数判断
洛谷,P3913,"车的攻击",普及-,数学;排序
洛谷,P3916,"图的遍历",普及,搜索;图论;广度优先搜索 BFS;深度优先搜索 DFS;图论建模;强连通分量
洛谷,P3954,"[NOIP 2017 普及组] 成绩",入门,2017;NOIP 普及组
洛谷,P4000,"斐波那契数列",省选/NOI-,字符串;数学;O2优化;素数判断;Fibonacci 数列
洛谷,P4017,"最大食物链计数",普及,动态规划 DP;搜索;图论;排序;深度优先搜索 DFS;记忆化搜索;拓扑排序
洛谷,P4053,"[JSOI2007] 建筑抢修",提高,贪心;2007;各省省选;江苏;优先队列;反悔贪心
洛谷,P4122,"[USACO17DEC] Blocked Billboard B",普及-,数学;2017;USACO;离散化
洛谷,P4145,"上帝造题的七分钟 2 / 花神游历各国",提高,线段树;并查集;树状数组;颜色段均摊（珂朵莉树 ODT）;枚举;分块
洛谷,P4251,"[SCOI2015] 小凸玩矩阵",省选/NOI-,2015;四川;二分;各省省选;网络流;二分图
洛谷,P4305,"[JLOI2011] 不重复数字",普及-,2011;各省省选;吉林;O2优化;排序;哈希 hashing;哈希表;STL
洛谷,P4326,"[COCI 2006/2007 #1] Herman",入门,数学;2006;Special Judge;COCI（克罗地亚）;平面几何
洛谷,P4342,"[IOI 1998] Polygon",普及+/提高-,动态规划 DP;1998;IOI;区间 DP
洛谷,P4387,"【深基15.习9】验证栈序列",普及,模拟;栈
洛谷,P4391,"[BalticOI 2009] Radio Transmission 无线传输",普及+/提高-,字符串;2009;哈希 hashing;前缀和;KMP 算法;BalticOI（波罗的海）
洛谷,P4414,"[COCI 2006/2007 #2] ABC",入门,模拟;2006;排序;COCI（克罗地亚）
洛谷,P4447,"[AHOI2018初中组] 分组",普及+/提高-,贪心;2018;二分;安徽;队列
洛谷,P4467,"[SCOI2007] k短路",省选/NOI-,字符串;2007;四川;各省省选;排序;最短路
洛谷,P4479,"[BJWC2018] 第k大斜率",提高,2018;二分;树状数组;离散化;北京
洛谷,P4513,"小白逛公园",提高,线段树;平衡树;树状数组;递归;矩阵乘法;动态 DP
洛谷,P4549,"【模板】裴蜀定理",普及,数学;数论;最大公约数 gcd;不定方程;Bézout 定理;模板题
洛谷,P4626,"一道水题 II",普及,数学;素数判断;bitset
洛谷,P4702,"取石子",入门,博弈论;O2优化;进制;前缀和;位运算;洛谷月赛
洛谷,P4715,"【深基16.例1】淘汰赛",普及-,模拟;树形数据结构;队列
洛谷,P4913,"【深基16.例3】二叉树深度",普及-,搜索;广度优先搜索 BFS;深度优先搜索 DFS
洛谷,P4924,"[1007] 魔法少女小Scarlet",普及-,模拟;递归;枚举;洛谷月赛
洛谷,P4955,"[USACO14JAN] Cross Country Skiing S",普及,2014;二分;USACO;并查集;广度优先搜索 BFS
洛谷,P4956,"[COCI 2017/2018 #6] Davor",入门,2017;不定方程;COCI（克罗地亚）
洛谷,P4979,"矿洞：坍塌",普及+/提高-,线段树;颜色段均摊（珂朵莉树 ODT）;位运算
洛谷,P4995,"跳跳！",普及-,贪心;排序;洛谷月赛
洛谷,P5015,"[NOIP 2018 普及组] 标题统计",入门,模拟;字符串;2018;NOIP 普及组
洛谷,P5016,"[NOIP 2018 普及组] 龙虎斗",普及-,模拟;2018;NOIP 普及组;枚举
洛谷,P5019,"[NOIP 2018 提高组] 铺设道路",普及,贪心;2018;NOIP 提高组;差分
洛谷,P5076,"【深基16.例7】普通二叉树（简化版）",普及+/提高-,模拟;树形数据结构;线段树;二分;平衡树;STL
洛谷,P5143,"攀爬者",普及-,洛谷原创;排序;洛谷比赛
洛谷,P5250,"【深基17.例5】木材仓库",普及,二分;STL
洛谷,P5266,"【深基17.例6】学籍管理",普及,模拟;字典树 Trie;哈希表;STL
洛谷,P5318,"【深基18.例3】查找文献",普及-,搜索;图论;广度优先搜索 BFS;深度优先搜索 DFS;图遍历
洛谷,P5461,"赦免战俘",普及,递归;分治;洛谷月赛
洛谷,P5507,"机关",提高,搜索;Special Judge;O2优化;广度优先搜索 BFS;启发式搜索
洛谷,P5660,"[CSP-J 2019] 数字游戏",入门,字符串;2019;CSP-J 入门级
洛谷,P5661,"[CSP-J 2019] 公交换乘",普及-,模拟;2019;队列;CSP-J 入门级
洛谷,P5681,"[CSP-J 2019 江西] 面积",入门,数学;2019;江西;CSP-J 入门级
洛谷,P5690,"[CSP-S 2019 江西] 日期",普及-,贪心;2019;枚举;江西;CSP-S 提高级;分类讨论
洛谷,P5703,"【深基2.例5】苹果采购",入门,数学
洛谷,P5704,"【深基2.例6】字母转换",入门,
洛谷,P5705,"【深基2.例7】数字反转",入门,
洛谷,P5706,"【深基2.例8】再分肥宅水",入门,
洛谷,P5707,"【深基2.例12】上学迟到",入门,数学
洛谷,P5708,"【深基2.习2】三角形面积",入门,Special Judge
洛谷,P5709,"【深基2.习6】Apples Prologue / 苹果和虫子",入门,数学
洛谷,P5710,"【深基3.例2】数的性质",入门,模拟
洛谷,P5711,"【深基3.例3】闰年判断",入门,
洛谷,P5712,"【深基3.例4】Apples",入门,
洛谷,P5713,"【深基3.例5】洛谷团队系统",入门,
洛谷,P5714,"【深基3.例7】肥胖问题",入门,
洛谷,P5715,"【深基3.例8】三位数排序",入门,
洛谷,P5716,"【深基3.例9】月份天数",入门,
洛谷,P5717,"【深基3.习8】三角形分类",普及-,数学
洛谷,P5718,"【深基4.例2】找最小值",入门,
洛谷,P5719,"【深基4.例3】分类平均",入门,
洛谷,P5720,"【深基4.例4】一尺之棰",入门,
洛谷,P5721,"【深基4.例6】数字直角三角形",入门,
洛谷,P5722,"【深基4.例11】数列求和",入门,
洛谷,P5723,"【深基4.例13】质数口袋",普及-,枚举;素数判断
洛谷,P5724,"【深基4.习5】求极差 / 最大跨度值 / 最大值和最小值的差",入门,
洛谷,P5725,"【深基4.习8】求三角形",入门,
洛谷,P5726,"【深基4.习9】打分",普及-,
洛谷,P5727,"【深基5.例3】冰雹猜想",入门,
洛谷,P5728,"【深基5.例5】旗鼓相当的对手",入门,
洛谷,P5729,"【深基5.例7】工艺品制作",入门,
洛谷,P5730,"【深基5.例10】显示屏",普及-,
洛谷,P5731,"【深基5.习6】蛇形方阵",入门,
洛谷,P5732,"【深基5.习7】杨辉三角",入门,
洛谷,P5733,"【深基6.例1】自动修正",入门,
洛谷,P5734,"【深基6.例6】文字处理软件",普及-,字符串
洛谷,P5735,"【深基7.例1】距离函数",入门,
洛谷,P5736,"【深基7.例2】质数筛",普及-,素数判断
洛谷,P5737,"【深基7.例3】闰年展示",入门,
洛谷,P5738,"【深基7.例4】歌唱比赛",普及-,
洛谷,P5739,"【深基7.例7】计算阶乘",入门,
洛谷,P5740,"【深基7.例9】最厉害的学生",普及-,
洛谷,P5741,"【深基7.例10】旗鼓相当的对手 - 加强版",普及-,
洛谷,P5742,"【深基7.例11】评等级",普及-,
洛谷,P5743,"【深基7.习8】猴子吃桃",入门,
洛谷,P5744,"【深基7.习9】培训",入门,
洛谷,P5745,"【深基附B例】区间最大和",普及-,O2优化;前缀和;双指针 two-pointer
洛谷,P5753,"[NOI2000] 瓷片项链",普及-,2000;NOI
洛谷,P5767,"[NOI1997] 最优乘车",普及,图论;1997;NOI;最短路
洛谷,P5788,"【模板】单调栈",普及,线性数据结构;栈;单调栈;模板题
洛谷,P5892,"[IOI 2014] holiday 假期",省选/NOI-,2014;IOI;决策单调性
洛谷,P6033,"[NOIP 2004 提高组] 合并果子 加强版",普及+/提高-,贪心;2004;NOIP 提高组;O2优化;排序;队列
洛谷,P6216,"回文匹配",提高+/省选-,前缀和;KMP 算法;Manacher 算法
洛谷,P6787,"「SWTR-6」Snow Mountain",提高,贪心;2020;Special Judge;O2优化;构造;洛谷月赛
洛谷,P7071,"[CSP-J 2020] 优秀的拆分",普及-,模拟;2020;进制;CSP-J 入门级
洛谷,P7072,"[CSP-J 2020] 直播获奖",普及-,模拟;2020;排序;CSP-J 入门级
洛谷,P7074,"[CSP-J 2020] 方格取数",普及+/提高-,动态规划 DP;2020;CSP-J 入门级
洛谷,P7075,"[CSP-S 2020] 儒略日",普及+/提高-,模拟;数学;2020;二分;CSP-S 提高级
洛谷,P7076,"[CSP-S 2020] 动物园",普及,数学;贪心;2020;进制;位运算;CSP-S 提高级
洛谷,P7077,"[CSP-S 2020] 函数调用",提高+/省选-,动态规划 DP;数学;2020;记忆化搜索;拓扑排序;CSP-S 提高级
洛谷,P7078,"[CSP-S 2020] 贪吃蛇",省选/NOI-,贪心;博弈论;2020;堆;队列;CSP-S 提高级
洛谷,P7112,"【模板】行列式求值",提高,数学;O2优化;线性代数;高斯消元;行列式;模板题
洛谷,P7113,"[NOIP2020] 排水系统",普及,图论;高精度;2020;NOIP 提高组;拓扑排序
洛谷,P7909,"[CSP-J 2021] 分糖果",普及-,数学;2021;O2优化;CSP-J 入门级
洛谷,P7910,"[CSP-J 2021] 插入排序",普及,2021;O2优化;枚举;排序;CSP-J 入门级
洛谷,P7911,"[CSP-J 2021] 网络连接",普及,模拟;字符串;2021;O2优化;枚举;CSP-J 入门级
洛谷,P7913,"[CSP-S 2021] 廊桥分配",普及+/提高-,模拟;贪心;2021;O2优化;排序;优先队列;前缀和;队列;CSP-S 提高级
洛谷,P7914,"[CSP-S 2021] 括号序列",提高+/省选-,动态规划 DP;2021;O2优化;区间 DP;CSP-S 提高级
洛谷,P7915,"[CSP-S 2021] 回文",普及+/提高-,字符串;贪心;2021;O2优化;CSP-S 提高级
洛谷,P7916,"[CSP-S 2021] 交通规划",省选/NOI-,动态规划 DP;2021;网络流;O2优化;区间 DP;图论建模;最短路;平面图;最小割;CSP-S 提高级
洛谷,P7960,"[NOIP2021] 报数",普及,2021;NOIP 提高组;O2优化
洛谷,P7961,"[NOIP2021] 数列",提高+/省选-,动态规划 DP;2021;NOIP 提高组;O2优化;排列组合
洛谷,P7963,"[NOIP2021] 棋局",NOI/NOI+/CTSC,并查集;2021;NOIP 提高组;O2优化;线段树合并
洛谷,P8072,"[COCI 2009/2010 #7] COKOLADA",入门,2009;COCI（克罗地亚）
洛谷,P8152,"「PMOI-5」破译",入门,
洛谷,P8161,"[JOI 2022 Final] 自学 / Self Study",普及,贪心;二分;2022;O2优化;JOI（日本）
洛谷,P8220,"[WFOI - 02] I wanna win the race（比赛）",普及-,洛谷原创;O2优化;洛谷月赛
洛谷,P8225,"「Wdoi-5」天才⑨与天才拆分",入门,数论;洛谷原创;洛谷月赛
洛谷,P8254,"[NOI Online 2022 入门组] 王国比赛",入门,2022;O2优化;NOI Online
洛谷,P8255,"[NOI Online 2022 入门组] 数学游戏",提高,2022;O2优化;最大公约数 gcd;NOI Online
洛谷,P8256,"[NOI Online 2022 入门组] 字符串",提高,动态规划 DP;2022;O2优化;NOI Online
洛谷,P8306,"【模板】字典树 / Trie",普及,字符串;O2优化;字典树 Trie;模板题
洛谷,P8400,"[CCC 2022 J1] Cupcake Party",入门,2022;CCC（加拿大）
洛谷,P8813,"[CSP-J 2022] 乘方",入门,模拟;2022;O2优化;基础算法;CSP-J 入门级
洛谷,P8814,"[CSP-J 2022] 解密",普及-,数学;二分;2022;O2优化;CSP-J 入门级
洛谷,P8815,"[CSP-J 2022] 逻辑表达式",普及+/提高-,模拟;2022;O2优化;分治;栈;CSP-J 入门级
洛谷,P8816,"[CSP-J 2022] 上升点列",普及,动态规划 DP;2022;O2优化;记忆化搜索;CSP-J 入门级;Floyd 算法
洛谷,P8865,"[NOIP2022] 种花",普及+/提高-,数学;2022;NOIP 提高组;O2优化;枚举;组合数学;前缀和
洛谷,P8918,"『MdOI R5』Jump",普及-,数学;洛谷原创;O2优化;位运算;洛谷月赛
洛谷,P8919,"『MdOI R5』Message",普及-,贪心;洛谷原创;O2优化;洛谷月赛
洛谷,P8920,"『MdOI R5』Variance",普及+/提高-,数学;洛谷原创;O2优化;洛谷月赛
洛谷,P8921,"『MdOI R5』Triangulation",提高,洛谷原创;Special Judge;O2优化;洛谷月赛
洛谷,P9286,"[ROI 2018] Extraction of radium",普及,模拟;2018;分类讨论;ROI（俄罗斯）
洛谷,P9606,"[CERC2019] ABB",普及+/提高-,字符串;2019;哈希 hashing;KMP 算法;Manacher 算法;ICPC;CERC
洛谷,P9752,"[CSP-S 2023] 密码锁",普及-,模拟;2023;O2优化;枚举;CSP-S 提高级
洛谷,P9753,"[CSP-S 2023] 消消乐",提高,动态规划 DP;2023;O2优化;分治;哈希 hashing;栈;字典树 Trie;CSP-S 提高级
洛谷,P9815,"wbyblD",普及,模拟;O2优化
洛谷,P9816,"少项式复合幂",普及+/提高-,倍增;O2优化
洛谷,P9817,"******D",提高,O2优化
洛谷,P9820,"[ICPC 2020 Shanghai R] Mine Sweeper II",普及+/提高-,数学;2020;上海;Special Judge;O2优化;鸽笼原理;构造;ICPC;Ad-hoc
洛谷,P9825,"[ICPC 2020 Shanghai R] Fibonacci",普及-,数学;2020;数论;上海;O2优化;ICPC
洛谷,P9836,"种树",普及+/提高-,数学;贪心;洛谷原创;O2优化;洛谷月赛
洛谷,P9868,"[NOIP2023] 词典",普及-,贪心;2023;NOIP 提高组;O2优化
洛谷,P10250,"[GESP样题 六级] 下楼梯",普及-,动态规划 DP;递推;GESP
洛谷,P10262,"[GESP样题 六级] 亲朋数",普及,动态规划 DP;GESP
洛谷,P10446,"64位整数乘法",普及-,
洛谷,P10719,"[GESP202406 五级] 黑白格",普及,数学;二分;2024;前缀和;GESP
洛谷,P10785,"[NOI2024] 集合",省选/NOI-,2024;NOI;O2优化;哈希 hashing;双指针 two-pointer
洛谷,P10815,"【模板】快速读入",普及-,O2优化;模板题
洛谷,P11960,"[GESP202503 五级] 平均分配",普及,贪心;2025;排序;GESP
洛谷,P11961,"[GESP202503 五级] 原根判断",提高,2025;原根;数论;GESP
洛谷,P13014,"[GESP202506 五级] 最大公因数",普及-,数学;2025;GESP
洛谷,P13787,"地毯 加强版",普及,前缀和;差分
洛谷,P13976,"数列分块入门 1",普及,线段树;树状数组;分块
洛谷,P13977,"数列分块入门 2",提高,二分;排序;分块
洛谷,P13978,"数列分块入门 3",提高,二分;排序;分块
洛谷,P13979,"数列分块入门 4",普及,线段树;树状数组;分块
洛谷,P13980,"数列分块入门 5",提高,暴力数据结构;线段树;并查集;树状数组;颜色段均摊（珂朵莉树 ODT）;分块
洛谷,P13981,"数列分块入门 6",提高+/省选-,线段树;平衡树;分块
洛谷,P13982,"数列分块入门 7",普及+/提高-,线段树;分块
洛谷,P13983,"数列分块入门 8",普及+/提高-,线段树;颜色段均摊（珂朵莉树 ODT）;分块
洛谷,P13984,"数列分块入门 9",省选/NOI-,莫队;离散化;分块
洛谷,P14361,"[CSP-S 2025] 社团招新",普及,贪心;2025;O2优化;排序;CSP-S 提高级;反悔贪心
洛谷,P14635,"[NOIP2025] 糖果店",普及,贪心;二分;2025;NOIP 提高组;O2优化;排序;反悔贪心
洛谷,B2002,"Hello,World!",入门,顺序结构
洛谷,B2005,"字符三角形",入门,顺序结构
洛谷,B2007,"A + B 问题",入门,顺序结构
洛谷,B2025,"输出字符菱形",入门,顺序结构
洛谷,B2029,"大象喝水",入门,顺序结构
洛谷,B3611,"【模板】传递闭包",普及,图论;bitset;Floyd 算法;模板题
洛谷,B3614,"【模板】栈",普及-,O2优化;栈;模板题
洛谷,B3616,"【模板】队列",普及-,队列;模板题
洛谷,B3642,"二叉树的遍历",普及-,树形数据结构;深度优先搜索 DFS;树的遍历
洛谷,B3656,"【模板】双端队列 1",普及-,O2优化;队列;模板题
洛谷,B3694,"【模板】数列离散化",普及-,离散化;模板题
洛谷,B3871,"[GESP202309 五级] 因数分解",普及-,2023;数论;GESP
洛谷,B3925,"[GESP202312 三级] 小猫分鱼",普及-,数学;2023;GESP
洛谷,B3930,"[GESP202312 五级] 烹饪问题",普及,贪心;2023;位运算;GESP
洛谷,B3941,"[GESP样题 五级] 小杨的锻炼",普及-,数论;最大公约数 gcd;GESP
洛谷,B4071,"[GESP202412 五级] 武器强化",普及,贪心;线性数据结构;2024;枚举;排序;数组;GESP
洛谷,CF36A,"Extra-terrestrial Intelligence",入门,模拟;字符串
洛谷,CF44C,"Holidays",普及,模拟;前缀和;差分
洛谷,CF915B,"Browser",普及-,
洛谷,SP1805,"HISTOGRA - Largest Rectangle in a Histogram",普及+/提高-,线段树;并查集;栈;ST 表;笛卡尔树;单调栈
洛谷,UVA11292,"Dragon of Loowater",普及-,模拟;贪心;排序
洛谷,UVA1225,"数数字 Digit Counting",入门,模拟;字符串;枚举;概率论
洛谷,UVA524,"素数环 Prime Ring Problem",普及,搜索;深度优先搜索 DFS;素数判断
AtCoder,AT_abc243_c,"[ABC243C] Collision 2",普及-,
AtCoder,AT_abc413_a,"[ABC413A] Content Too Large",入门,模拟;数学
AtCoder,AT_abc413_b,"[ABC413B] cat 2",入门,模拟;字符串
AtCoder,AT_abc413_c,"[ABC413C] Large Queue",普及-,模拟;数学;队列
AtCoder,AT_abc413_d,"[ABC413D] Make Geometric Sequence",普及,模拟;数学;排序
AtCoder,AT_abc413_e,"[ABC413E] Reverse 2^i",普及,模拟;贪心;分治
AtCoder,AT_abc413_f,"[ABC413F] No Passage",普及+/提高-,广度优先搜索 BFS
AtCoder,AT_abc413_g,"[ABC413G] Big Banned Grid",普及+/提高-,并查集;广度优先搜索 BFS
AtCoder,AT_abc414_a,"[ABC414A] Streamer Takahashi",入门,模拟
AtCoder,AT_abc414_b,"[ABC414B] String Too Long",入门,模拟;字符串
AtCoder,AT_abc414_c,"[ABC414C] Palindromic in Both Bases",普及,字符串;进制
AtCoder,AT_abc414_d,"[ABC414D] Transmission Mission",普及,贪心
AtCoder,AT_abc414_e,"[ABC414E] Count A%B=C",普及+/提高-,数学;整除分块
AtCoder,AT_abc414_f,"[ABC414F] Jump Traveling",提高,广度优先搜索 BFS;最短路
AtCoder,AT_abc414_g,"[ABC414G] AtCoder Express 4",省选/NOI-,图论;线段树;最短路
AtCoder,AT_abc415_a,"[ABC415A] Unsupported Type",入门,
AtCoder,AT_abc415_b,"[ABC415B] Pick Two",入门,
AtCoder,AT_abc415_c,"[ABC415C] Mixture",普及,搜索;状压 DP
AtCoder,AT_abc415_d,"[ABC415D] Get Many Stickers",普及,贪心;排序
AtCoder,AT_abc415_e,"[ABC415E] Hungry Takahashi",普及,动态规划 DP;二分
AtCoder,AT_abc415_f,"[ABC415F] Max Combo",提高,线段树
AtCoder,AT_abc415_g,"[ABC415G] Get Many Cola",提高,
AtCoder,AT_abc416_a,"[ABC416A] Vacation Validation",入门,字符串;枚举
AtCoder,AT_abc416_b,"[ABC416B] 1D Akari",普及-,贪心
AtCoder,AT_abc416_c,"[ABC416C] Concat (X-th)",普及-,枚举;排序;深度优先搜索 DFS
AtCoder,AT_abc416_d,"[ABC416D] Match, Mod, Minimize 2",普及,贪心;二分;双指针 two-pointer
AtCoder,AT_abc416_e,"[ABC416E] Development",普及+/提高-,图论;最短路;Floyd 算法
AtCoder,AT_abc416_f,"[ABC416F] Paint Tree 2",提高,动态规划 DP;树形 DP
AtCoder,AT_abc416_g,"[ABC416G] Concat (1st)",提高,贪心;排序;字典树 Trie
AtCoder,AT_abc417_a,"[ABC417A] A Substring",入门,模拟
AtCoder,AT_abc417_b,"[ABC417B] Search and Delete",普及-,模拟
AtCoder,AT_abc417_c,"[ABC417C] Distance Indicators",普及-,数学
AtCoder,AT_abc417_d,"[ABC417D] Takahashi's Expectation",普及+/提高-,动态规划 DP;二分
AtCoder,AT_abc417_e,"[ABC417E] A Path in A Dictionary",普及,搜索;图论;贪心;深度优先搜索 DFS
AtCoder,AT_abc417_f,"[ABC417F] Random Gathering",普及+/提高-,数学;线段树;颜色段均摊（珂朵莉树 ODT）;期望
AtCoder,AT_abc417_g,"[ABC417G] Binary Cat",省选/NOI-,倍增;平衡树;树链剖分
AtCoder,AT_abc418_a,"[ABC418A] I'm a teapot",入门,字符串
AtCoder,AT_abc418_b,"[ABC418B] You're a teapot",入门,字符串;枚举;双指针 two-pointer
AtCoder,AT_abc418_c,"[ABC418C] Flush",普及-,前缀和
AtCoder,AT_abc418_d,"[ABC418D] XNOR Operation",普及,动态规划 DP;分治;前缀和
AtCoder,AT_abc418_e,"[ABC418E] Trapezium",普及,数学;哈希 hashing
AtCoder,AT_abc418_f,"[ABC418F] We're teapots",省选/NOI-,动态规划 DP;线段树;组合数学;矩阵乘法
AtCoder,AT_abc418_g,"[ABC418G] Binary Operation",NOI/NOI+/CTSC,有限状态自动机;分类讨论
AtCoder,AT_abc419_a,"[ABC419A] AtCoder Language",入门,
AtCoder,AT_abc419_b,"[ABC419B] Get Min",入门,
AtCoder,AT_abc419_c,"[ABC419C] King's Summit",普及-,贪心
AtCoder,AT_abc419_d,"[ABC419D] Substr Swap",普及,前缀和;差分
AtCoder,AT_abc419_e,"[ABC419E] Subarray Sum Divisibility",普及+/提高-,动态规划 DP
AtCoder,AT_abc419_f,"[ABC419F] All Included",提高,AC 自动机;状压 DP
AtCoder,AT_abc419_g,"[ABC419G] Count Simple Paths 2",省选/NOI-,图论;虚树
AtCoder,AT_abc457_a,"[ABC457A] Array",入门,
AtCoder,AT_abc457_b,"[ABC457B] Arrays",普及-,
AtCoder,AT_abc457_c,"[ABC457C] Long Sequence",普及-,模拟;数学
AtCoder,AT_abc457_d,"[ABC457D] Raise Minimum",普及,贪心;二分
AtCoder,AT_abc457_e,"[ABC457E] Crossing Table Cloth",普及+/提高-,贪心;线段树;二分;树状数组;ST 表;扫描线;离线处理;哈希表
AtCoder,AT_abc457_f,"[ABC457F] Second Gap",提高,动态规划 DP
AtCoder,AT_abc457_g,"[ABC457G] Catch All Apples",提高,动态规划 DP;贪心;二分;树状数组;Dilworth 定理;线性 DP
AtCoder,AT_abc458_a,"[ABC458A] Chompers",入门,字符串
AtCoder,AT_abc458_b,"[ABC458B] Count Adjacent Cells",入门,
AtCoder,AT_abc458_c,"[ABC458C] C Stands for Center",普及-,字符串;数学
AtCoder,AT_abc458_d,"[ABC458D] Chalkboard Median",普及,堆;STL
AtCoder,AT_abc458_e,"[ABC458E] Count 123",普及+/提高-,组合数学
AtCoder,AT_abc458_f,"[ABC458F] Critical Misread",省选/NOI-,动态规划 DP;倍增;矩阵加速;矩阵乘法;AC 自动机
AtCoder,AT_abc464_a,"[ABC464A] Decisive Battle",入门,字符串
AtCoder,AT_abc464_b,"[ABC464B] Crop",入门,字符串
AtCoder,AT_abc464_c,"[ABC464C] Plumage Palette",普及-,排序
AtCoder,AT_abc464_d,"[ABC464D] Celester",普及,动态规划 DP
AtCoder,AT_abc464_e,"[ABC464E] Fill-Rect Query",普及,动态规划 DP;二分;并查集;枚举;前缀和;离线处理
AtCoder,AT_abc464_f,"[ABC464F] Random Vault Heist",提高+/省选-,期望;折半搜索 meet in the middle
AtCoder,AT_arc203_a,"[ARC203A] All Winners",普及,数学;贪心
AtCoder,AT_arc203_b,"[ARC203B] Swap If Equal Sum",普及+/提高-,
AtCoder,AT_arc203_c,"[ARC203C] Destruction of Walls",提高,组合数学;分类讨论
AtCoder,AT_arc203_d,"[ARC203D] Insert XOR",提高+/省选-,线段树
AtCoder,AT_arc203_e,"[ARC203E] Tile Grid with One Hole",未评定,
AtCoder,AT_arc204_a,"[ARC204A] Use Udon Coupon",省选/NOI-,动态规划 DP;Ad-hoc
AtCoder,AT_arc204_b,"[ARC204B] Sort Permutation",提高+/省选-,动态规划 DP;区间 DP
AtCoder,AT_arc204_c,"[ARC204C] Maximize Sum of Mex",省选/NOI-,贪心;背包 DP;分类讨论
AtCoder,AT_arc204_d,"[ARC204D] Favorite Interval",未评定,
AtCoder,AT_arc219_a,"[ARC219A] Similarity",普及,搜索;贪心;分治;字典树 Trie;构造
AtCoder,AT_arc219_b,"[ARC219B] Reverse Permutation",普及,
AtCoder,AT_dp_a,"Frog 1",普及-,动态规划 DP
AtCoder,AT_dp_b,"Frog 2",普及-,动态规划 DP
Codeforces,CF580C,"Kefa and Park",1500,dfs and similar;graphs;trees
Codeforces,CF706B,"Interesting drink",1100,binary search;dp;implementation
Codeforces,CF1091A,"New Year and the Christmas Ornament",800,brute force;implementation;math
Codeforces,CF1091D,"New Year and the Permutation Concatenation",1700,combinatorics;dp;math
Codeforces,CF2119A,"Add or XOR",800,bitmasks;greedy;math
Codeforces,CF2119B,"Line Segments",1200,geometry;greedy;math
Codeforces,CF2119C,"A Good Problem",1300,bitmasks;constructive algorithms;math
Codeforces,CF2119D,"Token Removing",2100,combinatorics;dp;math
Codeforces,CF2119E,"And Constraint",2600,bitmasks;dp;greedy
Codeforces,CF2122A,"Greedy Grid",800,constructive algorithms;greedy
Codeforces,CF2122B,"Pile Shuffling",1100,greedy;math
Codeforces,CF2122C,"Manhattan Pairs",1700,constructive algorithms;geometry;greedy;math;sortings
Codeforces,CF2125A,"Difficult Contest",800,constructive algorithms;implementation;sortings;strings
Codeforces,CF2125B,"Left and Down",900,math;number theory
Codeforces,CF2125C,"Count Good Numbers",1100,bitmasks;combinatorics;math;number theory
Codeforces,CF2125D,"Segments Covering",1600,dp;math;probabilities
Codeforces,CF2125E,"Sets of Complementary Sums",2500,brute force;combinatorics;dp;math;two pointers
Codeforces,CF2125F,"Timofey and Docker",3000,binary search;divide and conquer;dp
Codeforces,CF2126A,"Only One Digit",800,brute force;implementation;math
Codeforces,CF2126B,"No Casino in the Mountains",800,dp;greedy
Codeforces,CF2126C,"I Will Definitely Make It",1100,greedy;sortings
Codeforces,CF2126D,"This Is the Last Time",1200,data structures;greedy;sortings
Codeforces,CF2126E,"G-C-D, Unlucky!",1400,math;number theory
Codeforces,CF2126F,"1-1-1, Free Tree!",2000,brute force;data structures;dfs and similar;graphs;implementation;trees
Codeforces,CF2127A,"Mix Mex Max",800,constructive algorithms;greedy;math
Codeforces,CF2127B,"Hamiiid, Haaamid... Hamid?",1300,games;greedy
Codeforces,CF2127C,"Trip Shopping",1400,games;greedy;sortings
Codeforces,CF2127D,"Root was Built by Love, Broken by Destiny",1800,combinatorics;dfs and similar;graphs;trees
Codeforces,CF2127E,"Ancient Tree",2100,constructive algorithms;data structures;dfs and similar;dsu;greedy;trees
Codeforces,CF2127F,"Hamed and AghaBalaSar",2800,brute force;combinatorics;dp;math;probabilities
Codeforces,CF2128A,"Recycling Center",800,greedy;sortings
Codeforces,CF2128B,"Deque Process",1100,constructive algorithms;greedy;sortings;two pointers
Codeforces,CF2128C,"Leftmost Below",1200,greedy;math
Codeforces,CF2128D,"Sum of LDS",1600,brute force;combinatorics;dp;greedy;math
Codeforces,CF2128E,"?",,
Codeforces,CF2128F,"Strict Triangle",3200,graphs;greedy;shortest paths
Codeforces,CF2129A,"Double Perspective",1300,constructive algorithms;dp;dsu;graphs;greedy;sortings
Codeforces,CF2129B,"Stay or Mirror",1600,brute force;data structures;dp;greedy;sortings
Codeforces,CF2129C,"?",,
Codeforces,CF2129D,"Permutation Blackhole",2600,brute force;combinatorics;dp;implementation;math
Codeforces,CF2129E,"Induced Subgraph Queries",3000,data structures;graphs;sortings
Codeforces,CF2129F,"?",,
Codeforces,CF2131A,"Lever",800,math
Codeforces,CF2131B,"Alternating Series",800,constructive algorithms;greedy;math
Codeforces,CF2131C,"Make it Equal",1100,math;number theory
Codeforces,CF2131D,"Arboris Contractio",1400,data structures;graphs;greedy;trees
Codeforces,CF2131E,"Adjacent XOR",1400,brute force;greedy
Codeforces,CF2131F,"Unjust Binary Life",1900,binary search;data structures;greedy;math;sortings;two pointers
Codeforces,CF2131G,"Wafu!",2000,bitmasks;brute force;data structures;dfs and similar;dp;math
Codeforces,CF2218A,"The 67th Integer Problem",800,brute force;games;implementation;math
Codeforces,CF2218B,"The 67th 6-7 Integer Problem",800,greedy;math
Codeforces,CF2218C,"The 67th Permutation Problem",800,constructive algorithms;greedy;math
Codeforces,CF2218D,"The 67th OEIS Problem",1100,constructive algorithms;greedy;math;number theory
Codeforces,CF2218E,"The 67th XOR Problem",1200,binary search;bitmasks;brute force
Codeforces,CF2227A,"Koshary",800,implementation;math
Codeforces,CF2227B,"Party Monster",800,greedy
Codeforces,CF2227C,"Snowfall",800,constructive algorithms;math
Codeforces,CF2227D,"Palindromex",1200,binary search;brute force;constructive algorithms;data structures;greedy;implementation;two pointers
Codeforces,CF2227E,"It All Went Sideways",1400,binary search;data structures;dp;greedy
Codeforces,CF2227F,"It Just Keeps Going Sideways",1700,binary search;data structures;dp;greedy;math
Codeforces,CF2227G,"Drowning",2000,binary search;data structures;math
Codeforces,CF2228A,"Marisa Steals Reimu's Takeout",800,greedy;implementation
Codeforces,CF2228B,"Remilia Plays Soku",1100,games;implementation
Codeforces,CF2228C1,"Cirno and Number (Easy Version)",1500,binary search;brute force;dp;greedy;implementation
Codeforces,CF2228C2,"Cirno and Number (Hard Version)",1600,binary search;dfs and similar;dp;greedy;implementation
Codeforces,CF2228D,"Sanae, Cross and Color",1900,binary search;data structures;implementation
Codeforces,CF2231A,"Construct an Array",800,constructive algorithms
Codeforces,CF2231B,"Another Sorting Problem",1100,constructive algorithms
Codeforces,CF2231C,"Chipmunk Theo and Equality",1400,implementation;sortings
Codeforces,CF2231D,"Maximum Prefix Sums",1900,constructive algorithms;greedy;implementation;two pointers
Codeforces,CF2231F,"Quadratic Jumps",2600,brute force;constructive algorithms;greedy;math;number theory
Codeforces,CF2242A,"Bigrams",800,sortings;strings
Codeforces,CF2242B,"Predominant Frequency Division",1000,data structures;greedy;implementation;math
Codeforces,CF2242C,"Unstable Elements",1300,brute force;data structures;implementation;sortings;two pointers
Codeforces,CF2242D,"Two Digit Strings",1600,dp;strings
Codeforces,CF2242E,"Product of Closures",2200,bitmasks;brute force;constructive algorithms;greedy;implementation;math;number theory
Codeforces,CF2242F,"Summer Vacation",2800,data structures;dp;probabilities;trees
Codeforces,CF2251A,"Edge--Cloud Collaborative Scheduling",,*special;interactive
Codeforces,CF2251B,"?",,
Codeforces,CF2251C1,"?",,
Codeforces,CF2251C2,"?",,
Codeforces,CF2251D,"?",,
Codeforces,CF2257A,"Creating Abbreviations",800,brute force;strings
Codeforces,CF2257B,"Gigantomachy",800,math
Codeforces,CF2257C,"Spying on the Beaver",1200,constructive algorithms;dfs and similar;dsu;graphs;trees
Codeforces,CF2257D,"Bermuda Rectangle",1600,binary search;implementation;math;number theory;two pointers
Codeforces,CF2257E,"Busy Beaver",2100,brute force;data structures;divide and conquer;dp;greedy;implementation;sortings
Codeforces,CF2257F1,"Beaver's Jumping Track (Easy Version)",2500,data structures;dp;matrices
