id,名称,难度,算法标签,对应模板
P1000,"超级玛丽游戏",入门,字符串,03-字符串/（六个文件）
P1001,"A+B Problem",入门,模拟,
P1002,"[NOIP 2002 普及组] 过河卒",普及-,动态规划 DP;递推;记忆化搜索,06-动态规划/（九个文件） 06-动态规划/递推与线性DP.cpp 01-基础与技巧/记忆化搜索.cpp
P1003,"[NOIP 2011 提高组] 铺地毯",普及-,模拟;枚举,
P1004,"[NOIP 2000 提高组] 方格取数",普及+/提高-,动态规划 DP;递归;深度优先搜索 DFS;剪枝;记忆化搜索,06-动态规划/（九个文件） 07-搜索/DFS与剪枝.cpp 01-基础与技巧/记忆化搜索.cpp
P1006,"[NOIP 2008 提高组] 传纸条",普及+/提高-,动态规划 DP;费用流,06-动态规划/（九个文件） 04-图论/费用流MCMF.cpp
P1007,"独木桥",普及,模拟;贪心,01-基础与技巧/反悔贪心.cpp
P1008,"[NOIP 1998 普及组] 三连击",普及-,模拟;枚举,
P1009,"[NOIP 1998 普及组] 阶乘之和",普及-,数学;高精度,05-数学/（二十个文件） 01-基础与技巧/高精度BigInt.cpp
P1010,"[NOIP 1998 普及组] 幂次方",普及-,数学;递归;分治,05-数学/（二十个文件） 07-搜索/DFS与剪枝.cpp 01-基础与技巧/分治.cpp
P1011,"[NOIP 1998 提高组] 车站",普及-,数学;Fibonacci 数列,05-数学/（二十个文件） 05-数学/矩阵快速幂.cpp
P1012,"[NOIP 1998 提高组] 拼数",普及+/提高-,字符串;贪心;排序,03-字符串/（六个文件） 01-基础与技巧/反悔贪心.cpp 01-基础与技巧/快速排序与快速选择.cpp
P1013,"[NOIP 1998 提高组] 进制位",普及+/提高-,搜索;枚举;进制,07-搜索/DFS与剪枝.cpp 01-基础与技巧/进制转换.cpp
P1014,"[NOIP 1999 普及组] Cantor 表",普及-,模拟;数学;枚举,05-数学/（二十个文件）
P1015,"[NOIP 1999 普及组] 回文数",普及-,模拟;高精度;进制,01-基础与技巧/高精度BigInt.cpp 01-基础与技巧/进制转换.cpp
P1016,"[NOIP 1999 普及组/提高组] 旅行家的预算",普及,模拟;搜索;贪心;递归;反悔贪心,07-搜索/DFS与剪枝.cpp 01-基础与技巧/反悔贪心.cpp
P1017,"[NOIP 2000 提高组] 进制转换",普及-,模拟;数学;进制,05-数学/（二十个文件） 01-基础与技巧/进制转换.cpp
P1018,"[NOIP 2000 提高组] 乘积最大",普及+/提高-,动态规划 DP;搜索;高精度;深度优先搜索 DFS;线性 DP,06-动态规划/（九个文件） 07-搜索/DFS与剪枝.cpp 01-基础与技巧/高精度BigInt.cpp 06-动态规划/最长上升子序列LIS.cpp
P1019,"[NOIP 2000 提高组] 单词接龙（疑似错题）",普及,字符串;动态规划 DP;搜索;递推;状压 DP,03-字符串/（六个文件） 06-动态规划/（九个文件） 07-搜索/DFS与剪枝.cpp 06-动态规划/递推与线性DP.cpp 06-动态规划/状压DP.cpp
P1020,"[NOIP 1999 提高组] 导弹拦截",普及+/提高-,动态规划 DP;贪心;线段树;二分;树状数组;离散化;Dilworth 定理;线性 DP,06-动态规划/（九个文件） 01-基础与技巧/反悔贪心.cpp 02-数据结构/线段树(区间加区间和).cpp 01-基础与技巧/二分答案.cpp 02-数据结构/树状数组.cpp 01-基础与技巧/离散化.cpp 06-动态规划/最长上升子序列LIS.cpp
P1022,"[NOIP 2000 普及组] 计算器的改良",普及,模拟;字符串;数学,03-字符串/（六个文件） 05-数学/（二十个文件）
P1024,"[NOIP 2001 提高组] 一元三次方程求解",入门,模拟;数学;二分;枚举;分治,05-数学/（二十个文件） 01-基础与技巧/二分答案.cpp 01-基础与技巧/分治.cpp
P1025,"[NOIP 2001 提高组] 数的划分",普及,动态规划 DP;搜索;递推;剪枝,06-动态规划/（九个文件） 07-搜索/DFS与剪枝.cpp 06-动态规划/递推与线性DP.cpp
P1026,"[NOIP 2001 提高组] 统计单词个数",普及+/提高-,字符串;动态规划 DP;枚举;区间 DP,03-字符串/（六个文件） 06-动态规划/（九个文件） 06-动态规划/区间DP.cpp
P1028,"[NOIP 2001 普及组] 数的计算",普及-,动态规划 DP;递推;递归,06-动态规划/（九个文件） 06-动态规划/递推与线性DP.cpp 07-搜索/DFS与剪枝.cpp
P1029,"[NOIP 2001 普及组] 最大公约数和最小公倍数问题",普及-,数学;枚举;最大公约数 gcd,05-数学/（二十个文件） 05-数学/扩展欧几里得.cpp
P1030,"[NOIP 2001 普及组] 求先序排列",普及-,字符串;树形数据结构;递归;深度优先搜索 DFS,03-字符串/（六个文件） 04-图论/树的遍历与dfs序.cpp 07-搜索/DFS与剪枝.cpp
P1031,"[NOIP 2002 提高组] 均分纸牌",普及-,模拟;贪心,01-基础与技巧/反悔贪心.cpp
P1032,"[NOIP 2002 提高组] 字串变换（疑似错题）",普及+/提高-,字符串;搜索;广度优先搜索 BFS;剪枝;折半搜索 meet in the middle,03-字符串/（六个文件） 07-搜索/DFS与剪枝.cpp 07-搜索/BFS最短路.cpp 07-搜索/折半搜索.cpp
P1035,"[NOIP 2002 普及组] 级数求和",入门,模拟;数学,05-数学/（二十个文件）
P1036,"[NOIP 2002 普及组] 选数",普及-,搜索;深度优先搜索 DFS;剪枝;素数判断,07-搜索/DFS与剪枝.cpp 05-数学/线性筛与欧拉函数.cpp
P1037,"[NOIP 2002 普及组] 产生数",普及,搜索;图论;高精度;广度优先搜索 BFS;深度优先搜索 DFS;图论建模;Floyd 算法,07-搜索/DFS与剪枝.cpp 04-图论/（十九个文件） 01-基础与技巧/高精度BigInt.cpp 07-搜索/BFS最短路.cpp 04-图论/存图(vector邻接表).cpp 04-图论/Floyd.cpp
P1039,"[NOIP 2003 提高组] 侦探推理",提高,模拟;字符串;枚举,03-字符串/（六个文件）
P1040,"[NOIP 2003 提高组] 加分二叉树",普及+/提高-,动态规划 DP;递归;区间 DP;树形 DP,06-动态规划/（九个文件） 07-搜索/DFS与剪枝.cpp 06-动态规划/区间DP.cpp 06-动态规划/树形DP.cpp
P1042,"[NOIP 2003 普及组] 乒乓球",普及-,模拟;字符串,03-字符串/（六个文件）
P1044,"[NOIP 2003 普及组] 栈",普及-,动态规划 DP;数学;递推;Catalan 数;栈,06-动态规划/（九个文件） 05-数学/（二十个文件） 06-动态规划/递推与线性DP.cpp 05-数学/卡特兰数.cpp 01-基础与技巧/STL容器速查.md
P1045,"[NOIP 2003 普及组] 麦森数",普及,数学;高精度,05-数学/（二十个文件） 01-基础与技巧/高精度BigInt.cpp
P1046,"[NOIP 2005 普及组] 陶陶摘苹果",入门,模拟,
P1047,"[NOIP 2005 普及组] 校门外的树",入门,模拟,
P1048,"[NOIP 2005 普及组] 采药",普及-,动态规划 DP;背包 DP,06-动态规划/（九个文件） 06-动态规划/背包(01完全多重).cpp
P1049,"[NOIP 2001 普及组] 装箱问题",普及-,动态规划 DP;递归;深度优先搜索 DFS;背包 DP,06-动态规划/（九个文件） 07-搜索/DFS与剪枝.cpp 06-动态规划/背包(01完全多重).cpp
P1055,"[NOIP 2008 普及组] ISBN 号码",普及-,模拟;字符串,03-字符串/（六个文件）
P1059,"[NOIP 2006 普及组] 明明的随机数",普及-,模拟;排序;STL,01-基础与技巧/快速排序与快速选择.cpp 01-基础与技巧/STL容器速查.md
P1063,"[NOIP 2006 提高组] 能量项链",普及+/提高-,动态规划 DP;递归;枚举;区间 DP,06-动态规划/（九个文件） 07-搜索/DFS与剪枝.cpp 06-动态规划/区间DP.cpp
P1065,"[NOIP 2006 提高组] 作业调度方案",普及,模拟,
P1067,"[NOIP 2009 普及组] 多项式输出",普及-,模拟;字符串;数学,03-字符串/（六个文件） 05-数学/（二十个文件）
P1068,"[NOIP 2009 普及组] 分数线划定",普及-,模拟;排序,01-基础与技巧/快速排序与快速选择.cpp
P1069,"[NOIP 2009 普及组] 细胞分裂",普及+/提高-,数学;素数判断,05-数学/（二十个文件） 05-数学/线性筛与欧拉函数.cpp
P1073,"[NOIP 2009 提高组] 最优贸易",普及+/提高-,动态规划 DP;搜索;图论;最短路;强连通分量;Tarjan,06-动态规划/（九个文件） 07-搜索/DFS与剪枝.cpp 04-图论/（十九个文件） 04-图论/Dijkstra.cpp 04-图论/Tarjan强连通分量.cpp
P1075,"[NOIP 2012 普及组] 质因数分解",普及-,数学;素数判断,05-数学/（二十个文件） 05-数学/线性筛与欧拉函数.cpp
P1076,"[NOIP 2012 普及组] 寻宝",普及,模拟,
P1080,"[NOIP 2012 提高组] 国王游戏",提高,贪心;高精度;排序,01-基础与技巧/反悔贪心.cpp 01-基础与技巧/高精度BigInt.cpp 01-基础与技巧/快速排序与快速选择.cpp
P1082,"[NOIP 2012 提高组] 同余方程",普及+/提高-,数学;数论;扩展欧几里德算法;逆元,05-数学/（二十个文件） 05-数学/线性筛与欧拉函数.cpp 05-数学/扩展欧几里得.cpp 05-数学/乘法逆元.cpp
P1087,"[NOIP 2004 普及组] FBI 树",普及-,字符串;搜索;树形数据结构;递归,03-字符串/（六个文件） 07-搜索/DFS与剪枝.cpp 04-图论/树的遍历与dfs序.cpp
P1088,"[NOIP 2004 普及组] 火星人",普及-,模拟;搜索;数学;排序,07-搜索/DFS与剪枝.cpp 05-数学/（二十个文件） 01-基础与技巧/快速排序与快速选择.cpp
P1089,"[NOIP 2004 提高组] 津津的储蓄计划",入门,模拟;枚举,
P1090,"[NOIP 2004 提高组] 合并果子",普及,贪心;堆;优先队列,01-基础与技巧/反悔贪心.cpp 02-数据结构/手写堆.cpp
P1091,"[NOIP 2004 提高组] 合唱队形",普及-,动态规划 DP;线性 DP,06-动态规划/（九个文件） 06-动态规划/最长上升子序列LIS.cpp
P1093,"[NOIP 2007 普及组] 奖学金",普及-,模拟;数学;排序,05-数学/（二十个文件） 01-基础与技巧/快速排序与快速选择.cpp
P1094,"[NOIP 2007 普及组] 纪念品分组",普及-,贪心;排序;双指针 two-pointer,01-基础与技巧/反悔贪心.cpp 01-基础与技巧/快速排序与快速选择.cpp 01-基础与技巧/双指针.cpp
P1097,"[NOIP 2007 提高组] 统计数字",普及-,模拟;排序,01-基础与技巧/快速排序与快速选择.cpp
P1098,"[NOIP 2007 提高组] 字符串的展开",普及-,模拟;字符串,03-字符串/（六个文件）
P1100,"高低位交换",普及-,字符串;数学;进制;位运算,03-字符串/（六个文件） 05-数学/（二十个文件） 01-基础与技巧/进制转换.cpp 01-基础与技巧/位运算技巧.cpp
P1101,"单词方阵",普及-,模拟;字符串;搜索;枚举,03-字符串/（六个文件） 07-搜索/DFS与剪枝.cpp
P1102,"A-B 数对",普及-,模拟;数学;二分;离散化;排序;哈希 hashing;双指针 two-pointer;STL,05-数学/（二十个文件） 01-基础与技巧/二分答案.cpp 01-基础与技巧/离散化.cpp 01-基础与技巧/快速排序与快速选择.cpp 03-字符串/字符串哈希.cpp 01-基础与技巧/双指针.cpp 01-基础与技巧/STL容器速查.md
P1104,"生日",普及-,模拟;字符串;排序,03-字符串/（六个文件） 01-基础与技巧/快速排序与快速选择.cpp
P1106,"删数问题",普及,字符串;贪心;ST 表;链表,03-字符串/（六个文件） 01-基础与技巧/反悔贪心.cpp 02-数据结构/ST表.cpp 02-数据结构/链表.cpp
P1108,"[USACO99FALL] Buy Low, Buy Lower",普及,动态规划 DP;递推;枚举,06-动态规划/（九个文件） 06-动态规划/递推与线性DP.cpp
P1113,"[USACO02FEB] 杂务",普及,动态规划 DP;图论;递推;拓扑排序,06-动态规划/（九个文件） 04-图论/（十九个文件） 06-动态规划/递推与线性DP.cpp 04-图论/拓扑排序.cpp
P1115,"最大子段和",普及-,动态规划 DP;贪心;递推;分治;前缀和;线性 DP,06-动态规划/（九个文件） 01-基础与技巧/反悔贪心.cpp 06-动态规划/递推与线性DP.cpp 01-基础与技巧/分治.cpp 01-基础与技巧/前缀和与差分.cpp 06-动态规划/最长上升子序列LIS.cpp
P1116,"车厢重组",普及-,模拟;排序,01-基础与技巧/快速排序与快速选择.cpp
P1121,"环状最大两段子段和",普及+/提高-,动态规划 DP;线性数据结构;枚举,06-动态规划/（九个文件） 02-数据结构/链表.cpp
P1125,"[NOIP 2008 提高组] 笨小猴",普及-,模拟;字符串;素数判断,03-字符串/（六个文件） 05-数学/线性筛与欧拉函数.cpp
P1127,"词链",普及+/提高-,字符串;搜索;图论;并查集;欧拉回路,03-字符串/（六个文件） 07-搜索/DFS与剪枝.cpp 04-图论/（十九个文件） 02-数据结构/并查集.cpp 04-图论/欧拉路径与欧拉回路.cpp
P1135,"奇怪的电梯",普及,模拟;广度优先搜索 BFS;深度优先搜索 DFS;最短路,07-搜索/BFS最短路.cpp 07-搜索/DFS与剪枝.cpp 04-图论/Dijkstra.cpp
P1138,"第 k 小整数",普及-,模拟;排序,01-基础与技巧/快速排序与快速选择.cpp
P1141,"01迷宫",普及,搜索;并查集;广度优先搜索 BFS;深度优先搜索 DFS;队列,07-搜索/DFS与剪枝.cpp 02-数据结构/并查集.cpp 07-搜索/BFS最短路.cpp 01-基础与技巧/STL容器速查.md
P1143,"进制转换",普及-,数学;进制,05-数学/（二十个文件） 01-基础与技巧/进制转换.cpp
P1146,"硬币翻转",普及-,模拟;搜索;数学,07-搜索/DFS与剪枝.cpp 05-数学/（二十个文件）
P1149,"[NOIP 2008 提高组] 火柴棒等式",普及-,搜索;枚举,07-搜索/DFS与剪枝.cpp
P1150,"Peter 的烟",入门,模拟;数学,05-数学/（二十个文件）
P1152,"欢乐的跳",入门,模拟;枚举;排序,01-基础与技巧/快速排序与快速选择.cpp
P1157,"组合的输出",普及-,搜索;递归;排列组合,07-搜索/DFS与剪枝.cpp 05-数学/组合数与Lucas定理.cpp
P1160,"队列安排",普及,模拟;线性数据结构;构造;链表,02-数据结构/链表.cpp
P1161,"开灯",入门,模拟;进制,01-基础与技巧/进制转换.cpp
P1162,"填涂颜色",普及-,搜索;广度优先搜索 BFS;深度优先搜索 DFS;连通块;队列,07-搜索/DFS与剪枝.cpp 07-搜索/BFS最短路.cpp 02-数据结构/并查集.cpp 01-基础与技巧/STL容器速查.md
P1163,"银行贷款",普及-,数学;二分,05-数学/（二十个文件） 01-基础与技巧/二分答案.cpp
P1164,"小 A 点菜",普及-,动态规划 DP;记忆化搜索;背包 DP,06-动态规划/（九个文件） 01-基础与技巧/记忆化搜索.cpp 06-动态规划/背包(01完全多重).cpp
P1168,"中位数",普及,线段树;二分;堆;树状数组;优先队列;STL,02-数据结构/线段树(区间加区间和).cpp 01-基础与技巧/二分答案.cpp 02-数据结构/手写堆.cpp 02-数据结构/树状数组.cpp 01-基础与技巧/STL容器速查.md
P1177,"【模板】排序",普及-,排序,01-基础与技巧/快速排序与快速选择.cpp
P1179,"[NOIP 2010 普及组] 数字统计",入门,模拟,
P1182,"数列分段 Section II",普及,贪心;二分;前缀和,01-基础与技巧/反悔贪心.cpp 01-基础与技巧/二分答案.cpp 01-基础与技巧/前缀和与差分.cpp
P1185,"绘制二叉树",普及+/提高-,模拟,
P1189,"[COI 2001] SEARCH",普及,搜索;广度优先搜索 BFS;深度优先搜索 DFS;记忆化搜索;迭代加深搜索,07-搜索/DFS与剪枝.cpp 07-搜索/BFS最短路.cpp 01-基础与技巧/记忆化搜索.cpp 07-搜索/迭代加深与IDA星.cpp
P1190,"[NOIP 2010 普及组] 接水问题",普及-,模拟;搜索;贪心;堆;优先队列;STL,07-搜索/DFS与剪枝.cpp 01-基础与技巧/反悔贪心.cpp 02-数据结构/手写堆.cpp 01-基础与技巧/STL容器速查.md
P1192,"台阶问题",普及-,递推;Fibonacci 数列;线性递推,06-动态规划/递推与线性DP.cpp 05-数学/矩阵快速幂.cpp
P1200,"[USACO1.1] Your Ride Is Here",入门,字符串;数学,03-字符串/（六个文件） 05-数学/（二十个文件）
P1205,"[USACO1.2] Transformations",普及,模拟;搜索,07-搜索/DFS与剪枝.cpp
P1208,"[USACO1.3] Mixing Milk",普及-,贪心,01-基础与技巧/反悔贪心.cpp
P1216,"[IOI 1994 / USACO1.5] Number Triangles",普及-,动态规划 DP;递推,06-动态规划/（九个文件） 06-动态规划/递推与线性DP.cpp
P1217,"[USACO1.5] Prime Palindromes",普及-,枚举;素数判断,05-数学/线性筛与欧拉函数.cpp
P1219,"[USACO1.5] 八皇后 Checker Challenge",普及,搜索;深度优先搜索 DFS,07-搜索/DFS与剪枝.cpp
P1223,"排队接水",普及-,贪心;排序,01-基础与技巧/反悔贪心.cpp 01-基础与技巧/快速排序与快速选择.cpp
P1226,"【模板】快速幂",普及-,数学;递推;递归;分治;位运算,05-数学/（二十个文件） 06-动态规划/递推与线性DP.cpp 07-搜索/DFS与剪枝.cpp 01-基础与技巧/分治.cpp 01-基础与技巧/位运算技巧.cpp
P1228,"地毯填补问题",普及,递归;分治,07-搜索/DFS与剪枝.cpp 01-基础与技巧/分治.cpp
P1229,"遍历问题",普及,树形数据结构,04-图论/树的遍历与dfs序.cpp
P1233,"[ICPC 2001 Taejon R] 木棍加工",普及,动态规划 DP;贪心;Dilworth 定理,06-动态规划/（九个文件） 01-基础与技巧/反悔贪心.cpp 06-动态规划/最长上升子序列LIS.cpp
P1241,"括号序列",普及-,栈,01-基础与技巧/STL容器速查.md
P1249,"最大乘积",普及,贪心;高精度,01-基础与技巧/反悔贪心.cpp 01-基础与技巧/高精度BigInt.cpp
P1253,"扶苏的问题",普及+/提高-,线段树,02-数据结构/线段树(区间加区间和).cpp
P1255,"数楼梯",普及-,高精度;递推;Fibonacci 数列,01-基础与技巧/高精度BigInt.cpp 06-动态规划/递推与线性DP.cpp 05-数学/矩阵快速幂.cpp
P1259,"黑白棋子的移动",普及,递归,07-搜索/DFS与剪枝.cpp
P1271,"【深基9.例1】选举学生会",普及-,排序,01-基础与技巧/快速排序与快速选择.cpp
P1276,"校门外的树（增强版）",普及-,模拟,
P1280,"[CHCI 2002 National Competition #2 Juniors] 尼克的任务",普及,动态规划 DP;图论;枚举;排序;最短路,06-动态规划/（九个文件） 04-图论/（十九个文件） 01-基础与技巧/快速排序与快速选择.cpp 04-图论/Dijkstra.cpp
P1281,"[CERC1998] 书的复制",普及,动态规划 DP;贪心;二分,06-动态规划/（九个文件） 01-基础与技巧/反悔贪心.cpp 01-基础与技巧/二分答案.cpp
P1290,"欧几里德的游戏",普及+/提高-,数学;博弈论;递归,05-数学/（二十个文件） 05-数学/博弈论(Nim与SG).cpp 07-搜索/DFS与剪枝.cpp
P1303,"A*B Problem",普及-,模拟;高精度,01-基础与技巧/高精度BigInt.cpp
P1305,"新二叉树",普及-,字符串;搜索;树形数据结构;递归,03-字符串/（六个文件） 07-搜索/DFS与剪枝.cpp 04-图论/树的遍历与dfs序.cpp
P1306,"斐波那契公约数",提高,数学;倍增;线性数据结构;递归;最大公约数 gcd;Fibonacci 数列,05-数学/（二十个文件） 04-图论/LCA(倍增).cpp 02-数据结构/链表.cpp 07-搜索/DFS与剪枝.cpp 05-数学/扩展欧几里得.cpp 05-数学/矩阵快速幂.cpp
P1307,"[NOIP 2011 普及组] 数字反转",入门,模拟;字符串,03-字符串/（六个文件）
P1308,"[NOIP 2011 普及组] 统计单词数",普及-,模拟;字符串,03-字符串/（六个文件）
P1309,"[NOIP 2011 普及组] 瑞士轮",普及,模拟;递归;排序,07-搜索/DFS与剪枝.cpp 01-基础与技巧/快速排序与快速选择.cpp
P1314,"[NOIP 2011 提高组] 聪明的质监员",普及,数学;二分;前缀和,05-数学/（二十个文件） 01-基础与技巧/二分答案.cpp 01-基础与技巧/前缀和与差分.cpp
P1319,"压缩技术",入门,模拟;字符串,03-字符串/（六个文件）
P1320,"压缩技术（续集版）",入门,模拟;字符串,03-字符串/（六个文件）
P1321,"单词覆盖还原",入门,模拟;字符串,03-字符串/（六个文件）
P1327,"数列排序",普及,数学;离散化,05-数学/（二十个文件） 01-基础与技巧/离散化.cpp
P1328,"[NOIP 2014 提高组] 生活大爆炸版石头剪刀布",普及-,模拟,
P1330,"封锁阳光大学",普及,搜索;图论;并查集;广度优先搜索 BFS;深度优先搜索 DFS;二分图,07-搜索/DFS与剪枝.cpp 04-图论/（十九个文件） 02-数据结构/并查集.cpp 07-搜索/BFS最短路.cpp 04-图论/二分图判定.cpp
P1332,"血色先锋队",普及,模拟;搜索;广度优先搜索 BFS,07-搜索/DFS与剪枝.cpp 07-搜索/BFS最短路.cpp
P1347,"[ECNA 2001] 排序",普及+/提高-,图论;并查集;拓扑排序,04-图论/（十九个文件） 02-数据结构/并查集.cpp 04-图论/拓扑排序.cpp
P1348,"Couple number",普及-,数学;枚举,05-数学/（二十个文件）
P1352,"没有上司的舞会",普及,动态规划 DP;树形 DP,06-动态规划/（九个文件） 06-动态规划/树形DP.cpp
P1359,"租用游艇",普及-,动态规划 DP;图论;最短路;Floyd 算法,06-动态规划/（九个文件） 04-图论/（十九个文件） 04-图论/Dijkstra.cpp 04-图论/Floyd.cpp
P1363,"幻象迷宫",普及+/提高-,搜索;图论;并查集;广度优先搜索 BFS;深度优先搜索 DFS;栈,07-搜索/DFS与剪枝.cpp 04-图论/（十九个文件） 02-数据结构/并查集.cpp 07-搜索/BFS最短路.cpp 01-基础与技巧/STL容器速查.md
P1364,"医院设置",普及,动态规划 DP;树形数据结构;广度优先搜索 BFS;深度优先搜索 DFS;树形 DP;最短路;树的重心,06-动态规划/（九个文件） 04-图论/树的遍历与dfs序.cpp 07-搜索/BFS最短路.cpp 07-搜索/DFS与剪枝.cpp 06-动态规划/树形DP.cpp 04-图论/Dijkstra.cpp 04-图论/树的重心与直径.cpp
P1379,"八数码难题",普及+/提高-,搜索;枚举;广度优先搜索 BFS;启发式迭代加深搜索 IDA*;哈希 hashing;A* 算法;STL,07-搜索/DFS与剪枝.cpp 07-搜索/BFS最短路.cpp 07-搜索/迭代加深与IDA星.cpp 03-字符串/字符串哈希.cpp 07-搜索/A星与K短路.cpp 01-基础与技巧/STL容器速查.md
P1387,"最大正方形",普及-,动态规划 DP;枚举;前缀和,06-动态规划/（九个文件） 01-基础与技巧/前缀和与差分.cpp
P1390,"公约数的和",提高,数学;数论;莫比乌斯反演;容斥原理;整除分块;欧拉函数,05-数学/（二十个文件） 05-数学/线性筛与欧拉函数.cpp 05-数学/莫比乌斯反演与整除分块.cpp 05-数学/容斥原理与排列组合.cpp
P1420,"最长连号",入门,模拟,
P1421,"小玉买文具",入门,模拟,
P1422,"小玉家的电费",入门,分支结构,
P1423,"小玉在游泳",入门,,
P1424,"小鱼的航程（改进版）",入门,,
P1425,"小鱼的游泳时间",入门,数学;枚举,05-数学/（二十个文件）
P1427,"小鱼的数字游戏",入门,栈,01-基础与技巧/STL容器速查.md
P1428,"小鱼比可爱",入门,模拟,
P1433,"吃奶酪",普及+/提高-,动态规划 DP;搜索;深度优先搜索 DFS;剪枝;模拟退火;状压 DP,06-动态规划/（九个文件） 07-搜索/DFS与剪枝.cpp 07-搜索/模拟退火与爬山.cpp 06-动态规划/状压DP.cpp
P1434,"[SHOI2002] 滑雪",普及,动态规划 DP;搜索;递归;记忆化搜索,06-动态规划/（九个文件） 07-搜索/DFS与剪枝.cpp 01-基础与技巧/记忆化搜索.cpp
P1439,"两个排列的最长公共子序列",普及+/提高-,动态规划 DP;二分;树状数组,06-动态规划/（九个文件） 01-基础与技巧/二分答案.cpp 02-数据结构/树状数组.cpp
P1440,"求m区间内的最小值",普及,单调队列;队列;ST 表,01-基础与技巧/单调队列.cpp 01-基础与技巧/STL容器速查.md 02-数据结构/ST表.cpp
P1443,"马的遍历",普及-,搜索;广度优先搜索 BFS;队列,07-搜索/DFS与剪枝.cpp 07-搜索/BFS最短路.cpp 01-基础与技巧/STL容器速查.md
P1449,"后缀表达式",普及-,模拟;字符串;线性数据结构;栈,03-字符串/（六个文件） 02-数据结构/链表.cpp 01-基础与技巧/STL容器速查.md
P1451,"求细胞数量",普及-,搜索;广度优先搜索 BFS;深度优先搜索 DFS,07-搜索/DFS与剪枝.cpp 07-搜索/BFS最短路.cpp
P1455,"搭配购买",普及,并查集;背包 DP;强连通分量,02-数据结构/并查集.cpp 06-动态规划/背包(01完全多重).cpp 04-图论/Tarjan强连通分量.cpp
P1464,"[PacNW 1999] Function",普及-,搜索;递归;记忆化搜索,07-搜索/DFS与剪枝.cpp 01-基础与技巧/记忆化搜索.cpp
P1469,"找筷子",普及-,数学;位运算,05-数学/（二十个文件） 01-基础与技巧/位运算技巧.cpp
P1478,"陶陶摘苹果（升级版）",普及-,贪心;排序;背包 DP,01-基础与技巧/反悔贪心.cpp 01-基础与技巧/快速排序与快速选择.cpp 06-动态规划/背包(01完全多重).cpp
P1480,"A/B Problem（高精度除法Ⅰ）",普及-,模拟;高精度,01-基础与技巧/高精度BigInt.cpp
P1498,"南蛮图腾",普及,字符串;递归;分治;深度优先搜索 DFS,03-字符串/（六个文件） 07-搜索/DFS与剪枝.cpp 01-基础与技巧/分治.cpp
P1510,"精卫填海",普及-,动态规划 DP;背包 DP,06-动态规划/（九个文件） 06-动态规划/背包(01完全多重).cpp
P1518,"[USACO2.4] 两只塔姆沃斯牛 The Tamworth Two",普及,模拟,
P1522,"[USACO2.4] 牛的旅行 Cow Tours",普及+/提高-,图论;枚举;最短路,04-图论/（十九个文件） 04-图论/Dijkstra.cpp
P1525,"[NOIP 2010 提高组] 关押罪犯",普及+/提高-,图论;贪心;二分;并查集;排序;二分图,04-图论/（十九个文件） 01-基础与技巧/反悔贪心.cpp 01-基础与技巧/二分答案.cpp 02-数据结构/并查集.cpp 01-基础与技巧/快速排序与快速选择.cpp 04-图论/二分图判定.cpp
P1536,"村村通",普及-,图论;并查集;广度优先搜索 BFS;深度优先搜索 DFS;连通块,04-图论/（十九个文件） 02-数据结构/并查集.cpp 07-搜索/BFS最短路.cpp 07-搜索/DFS与剪枝.cpp
P1540,"[NOIP 2010 提高组] 机器翻译",普及-,模拟;队列,01-基础与技巧/STL容器速查.md
P1548,"[NOIP 1997 普及组] 棋盘问题",入门,枚举,
P1551,"亲戚",普及,并查集,02-数据结构/并查集.cpp
P1553,"数字反转（升级版）",普及-,模拟;字符串,03-字符串/（六个文件）
P1554,"[USACO06DEC] 梦中的统计 Dream Counting B",入门,模拟;字符串;数学,03-字符串/（六个文件） 05-数学/（二十个文件）
P1562,"还是 N 皇后",普及,搜索;进制;位运算,07-搜索/DFS与剪枝.cpp 01-基础与技巧/进制转换.cpp 01-基础与技巧/位运算技巧.cpp
P1563,"[NOIP 2016 提高组] 玩具谜题",普及-,模拟,
P1572,"计算分数",普及-,模拟;字符串,03-字符串/（六个文件）
P1576,"最小花费",普及,图论;最短路,04-图论/（十九个文件） 04-图论/Dijkstra.cpp
P1581,"A+B Problem（升级版）",普及-,模拟;字符串;高精度;素数判断,03-字符串/（六个文件） 01-基础与技巧/高精度BigInt.cpp 05-数学/线性筛与欧拉函数.cpp
P1591,"阶乘数码",普及-,数学;高精度,05-数学/（二十个文件） 01-基础与技巧/高精度BigInt.cpp
P1596,"[USACO10OCT] Lake Counting S",普及-,搜索;图论;广度优先搜索 BFS;深度优先搜索 DFS;连通块,07-搜索/DFS与剪枝.cpp 04-图论/（十九个文件） 07-搜索/BFS最短路.cpp 02-数据结构/并查集.cpp
P1597,"语句解析",入门,模拟;字符串,03-字符串/（六个文件）
P1598,"[USACO03FEB] 垂直柱状图 Vertical Histogram",普及-,模拟;字符串,03-字符串/（六个文件）
P1601,"高精度加法",普及-,模拟;高精度,01-基础与技巧/高精度BigInt.cpp
P1603,"斯诺登的密码",普及-,模拟;字符串;贪心;排序,03-字符串/（六个文件） 01-基础与技巧/反悔贪心.cpp 01-基础与技巧/快速排序与快速选择.cpp
P1604,"B进制星球",普及-,模拟;数学;高精度;进制,05-数学/（二十个文件） 01-基础与技巧/高精度BigInt.cpp 01-基础与技巧/进制转换.cpp
P1605,"迷宫",普及-,搜索;递推;枚举,07-搜索/DFS与剪枝.cpp 06-动态规划/递推与线性DP.cpp
P1614,"爱与愁的心痛",入门,模拟;贪心;枚举;前缀和,01-基础与技巧/反悔贪心.cpp 01-基础与技巧/前缀和与差分.cpp
P1616,"疯狂的采药",普及-,动态规划 DP;背包 DP,06-动态规划/（九个文件） 06-动态规划/背包(01完全多重).cpp
P1618,"三连击（升级版）",普及-,模拟;枚举,
P1619,"解一元二次方程的烦恼",普及,模拟;字符串;数学,03-字符串/（六个文件） 05-数学/（二十个文件）
P1621,"集合",普及+/提高-,搜索;并查集;素数判断,07-搜索/DFS与剪枝.cpp 02-数据结构/并查集.cpp 05-数学/线性筛与欧拉函数.cpp
P1631,"序列合并",普及+/提高-,二分;堆;排序,01-基础与技巧/二分答案.cpp 02-数据结构/手写堆.cpp 01-基础与技巧/快速排序与快速选择.cpp
P1638,"逛画展",普及,二分;单调队列;队列;双指针 two-pointer,01-基础与技巧/二分答案.cpp 01-基础与技巧/单调队列.cpp 01-基础与技巧/STL容器速查.md 01-基础与技巧/双指针.cpp
P1678,"烦恼的高考志愿",普及-,模拟;贪心;二分;排序,01-基础与技巧/反悔贪心.cpp 01-基础与技巧/二分答案.cpp 01-基础与技巧/快速排序与快速选择.cpp
P1706,"全排列问题",普及-,搜索;数学;递归;深度优先搜索 DFS,07-搜索/DFS与剪枝.cpp 05-数学/（二十个文件）
P1719,"最大加权矩形",普及,动态规划 DP;递推;枚举;前缀和,06-动态规划/（九个文件） 06-动态规划/递推与线性DP.cpp 01-基础与技巧/前缀和与差分.cpp
P1720,"月落乌啼算钱（斐波那契数列）",入门,模拟;数学;递推;Fibonacci 数列,05-数学/（二十个文件） 06-动态规划/递推与线性DP.cpp 05-数学/矩阵快速幂.cpp
P1723,"高手过愚人节",提高,字符串;Manacher 算法,03-字符串/（六个文件） 03-字符串/Manacher.cpp
P1733,"猜数（IO交互版）",普及-,二分,01-基础与技巧/二分答案.cpp
P1734,"最大约数和",普及-,动态规划 DP;背包 DP,06-动态规划/（九个文件） 06-动态规划/背包(01完全多重).cpp
P1739,"表达式括号匹配",入门,模拟;字符串;线性数据结构;栈,03-字符串/（六个文件） 02-数据结构/链表.cpp 01-基础与技巧/STL容器速查.md
P1747,"好奇怪的游戏",普及,模拟;搜索;数学;广度优先搜索 BFS,07-搜索/DFS与剪枝.cpp 05-数学/（二十个文件） 07-搜索/BFS最短路.cpp
P1757,"通天之分组背包",普及-,动态规划 DP;背包 DP,06-动态规划/（九个文件） 06-动态规划/背包(01完全多重).cpp
P1765,"手机",入门,模拟;字符串;枚举,03-字符串/（六个文件）
P1774,"最接近神的人",普及,线段树;树状数组;递归;离散化;排序,02-数据结构/线段树(区间加区间和).cpp 02-数据结构/树状数组.cpp 07-搜索/DFS与剪枝.cpp 01-基础与技巧/离散化.cpp 01-基础与技巧/快速排序与快速选择.cpp
P1781,"宇宙总统",普及-,字符串;高精度;排序,03-字符串/（六个文件） 01-基础与技巧/高精度BigInt.cpp 01-基础与技巧/快速排序与快速选择.cpp
P1786,"帮贡排序",普及,模拟;排序,01-基础与技巧/快速排序与快速选择.cpp
P1789,"【Mc生存】插火把",普及-,模拟,
P1794,"装备运输",普及-,动态规划 DP;背包 DP,06-动态规划/（九个文件） 06-动态规划/背包(01完全多重).cpp
P1801,"黑匣子",普及,线段树;平衡树;堆,02-数据结构/线段树(区间加区间和).cpp 02-数据结构/平衡树Treap.cpp 02-数据结构/手写堆.cpp
P1803,"凌乱的yyy / 线段覆盖",普及-,模拟;贪心;排序,01-基础与技巧/反悔贪心.cpp 01-基础与技巧/快速排序与快速选择.cpp
P1807,"最长路",普及,动态规划 DP;图论;广度优先搜索 BFS;拓扑排序;最短路,06-动态规划/（九个文件） 04-图论/（十九个文件） 07-搜索/BFS最短路.cpp 04-图论/拓扑排序.cpp 04-图论/Dijkstra.cpp
P1816,"忠诚",普及,线段树;倍增;树状数组;ST 表,02-数据结构/线段树(区间加区间和).cpp 04-图论/LCA(倍增).cpp 02-数据结构/树状数组.cpp 02-数据结构/ST表.cpp
P1823,"[COI 2007] Patrik 音乐会的等待",普及+/提高-,栈;单调栈,01-基础与技巧/STL容器速查.md 01-基础与技巧/单调栈.cpp
P1825,"[USACO11OPEN] Corn Maze S",普及,模拟;搜索;广度优先搜索 BFS;最短路,07-搜索/DFS与剪枝.cpp 07-搜索/BFS最短路.cpp 04-图论/Dijkstra.cpp
P1827,"[USACO3.4] 美国血统 American Heritage",普及-,模拟;树形数据结构;递归;构造,04-图论/树的遍历与dfs序.cpp 07-搜索/DFS与剪枝.cpp
P1828,"[USACO3.2] 香甜的黄油 Sweet Butter",普及,图论;最短路;队列,04-图论/（十九个文件） 04-图论/Dijkstra.cpp 01-基础与技巧/STL容器速查.md
P1832,"A+B Problem（再升级）",普及-,动态规划 DP;数学;递推;背包 DP;素数判断,06-动态规划/（九个文件） 05-数学/（二十个文件） 06-动态规划/递推与线性DP.cpp 06-动态规划/背包(01完全多重).cpp 05-数学/线性筛与欧拉函数.cpp
P1854,"[IOI 1999] 花店橱窗布置",普及,动态规划 DP;记忆化搜索,06-动态规划/（九个文件） 01-基础与技巧/记忆化搜索.cpp
P1865,"A % B Problem",普及,搜索;二分;素数判断;前缀和;线性筛法,07-搜索/DFS与剪枝.cpp 01-基础与技巧/二分答案.cpp 05-数学/线性筛与欧拉函数.cpp 01-基础与技巧/前缀和与差分.cpp
P1866,"编号",普及-,数学;递推;排序,05-数学/（二十个文件） 06-动态规划/递推与线性DP.cpp 01-基础与技巧/快速排序与快速选择.cpp
P1873,"[COCI 2011/2012 #5] EKO / 砍树",普及-,贪心;二分,01-基础与技巧/反悔贪心.cpp 01-基础与技巧/二分答案.cpp
P1880,"[NOI1995] 石子合并",普及+/提高-,动态规划 DP;区间 DP;四边形不等式,06-动态规划/（九个文件） 06-动态规划/区间DP.cpp 06-动态规划/四边形不等式与决策单调性.cpp
P1883,"【模板】三分 / 函数 / [ICPC 2010 Chengdu R] Error Curves",普及,搜索;二分;三分,07-搜索/DFS与剪枝.cpp 01-基础与技巧/二分答案.cpp 01-基础与技巧/三分法.cpp
P1886,"【模板】单调队列 / 滑动窗口",普及,单调队列;队列,01-基础与技巧/单调队列.cpp 01-基础与技巧/STL容器速查.md
P1888,"三角函数",入门,数学;排序;最大公约数 gcd,05-数学/（二十个文件） 01-基础与技巧/快速排序与快速选择.cpp 05-数学/扩展欧几里得.cpp
P1892,"[BalticOI 2003] 团伙 (Day 2)",普及+/提高-,图论;并查集;图遍历,04-图论/（十九个文件） 02-数据结构/并查集.cpp 04-图论/存图(vector邻接表).cpp
P1908,"逆序对",普及,线段树;树状数组;递归;离散化;分治;排序;扫描线;字典树 Trie,02-数据结构/线段树(区间加区间和).cpp 02-数据结构/树状数组.cpp 07-搜索/DFS与剪枝.cpp 01-基础与技巧/离散化.cpp 01-基础与技巧/分治.cpp 01-基础与技巧/快速排序与快速选择.cpp 02-数据结构/扫描线(矩形面积并).cpp 02-数据结构/Trie字典树.cpp
P1909,"[NOIP 2016 普及组] 买铅笔",入门,模拟,
P1914,"小书童——凯撒密码",入门,模拟;字符串,03-字符串/（六个文件）
P1918,"保龄球",普及-,模拟;二分;STL,01-基础与技巧/二分答案.cpp 01-基础与技巧/STL容器速查.md
P1919,"【模板】高精度乘法 / A*B Problem 升级版",省选/NOI-,高精度;分治;快速傅里叶变换 FFT;快速数论变换 NTT,01-基础与技巧/高精度BigInt.cpp 01-基础与技巧/分治.cpp 05-数学/FFT.cpp 05-数学/NTT.cpp
P1923,"【深基9.例4】求第 k 小的数",普及-,分治,01-基础与技巧/分治.cpp
P1927,"防护伞",普及-,模拟;枚举;剪枝,07-搜索/DFS与剪枝.cpp
P1928,"外星密码",普及,模拟;字符串;递归;分治,03-字符串/（六个文件） 07-搜索/DFS与剪枝.cpp 01-基础与技巧/分治.cpp
P1932,"A+B A-B A*B A/B A%B Problem",普及+/提高-,数学;高精度,05-数学/（二十个文件） 01-基础与技巧/高精度BigInt.cpp
P1955,"[NOI2015] 程序自动分析",普及+/提高-,并查集;离散化;哈希 hashing;启发式合并,02-数据结构/并查集.cpp 01-基础与技巧/离散化.cpp 03-字符串/字符串哈希.cpp 04-图论/树上启发式合并DSUonTree.cpp
P1957,"口算练习题",普及-,模拟;字符串,03-字符串/（六个文件）
P1962,"斐波那契数列",普及+/提高-,数学;递推;倍增;矩阵运算;矩阵加速;Fibonacci 数列;矩阵乘法,05-数学/（二十个文件） 06-动态规划/递推与线性DP.cpp 04-图论/LCA(倍增).cpp 05-数学/矩阵快速幂.cpp
P1965,"[NOIP 2013 提高组] 转圈游戏",普及-,模拟;数学,05-数学/（二十个文件）
P1969,"[NOIP 2013 提高组] 积木大赛",普及,贪心;差分,01-基础与技巧/反悔贪心.cpp 01-基础与技巧/前缀和与差分.cpp
P1980,"[NOIP 2013 普及组] 计数问题",入门,模拟;字符串,03-字符串/（六个文件）
P1983,"[NOIP 2013 普及组] 车站分级",普及+/提高-,图论;贪心;排序;图论建模;拓扑排序,04-图论/（十九个文件） 01-基础与技巧/反悔贪心.cpp 01-基础与技巧/快速排序与快速选择.cpp 04-图论/存图(vector邻接表).cpp 04-图论/拓扑排序.cpp
P1986,"元旦晚会",普及,贪心;排序;差分约束,01-基础与技巧/反悔贪心.cpp 01-基础与技巧/快速排序与快速选择.cpp 04-图论/差分约束.cpp
P1990,"覆盖墙壁",普及,递推,06-动态规划/递推与线性DP.cpp
P1996,"约瑟夫问题",普及-,模拟;树状数组;队列;链表,02-数据结构/树状数组.cpp 01-基础与技巧/STL容器速查.md 02-数据结构/链表.cpp
P2004,"领地选择",普及-,前缀和,01-基础与技巧/前缀和与差分.cpp
P2014,"[CTSC1997] 选课",普及+/提高-,动态规划 DP;搜索;背包 DP;树形 DP,06-动态规划/（九个文件） 07-搜索/DFS与剪枝.cpp 06-动态规划/背包(01完全多重).cpp 06-动态规划/树形DP.cpp
P2024,"[NOI2001] 食物链",普及+/提高-,并查集,02-数据结构/并查集.cpp
P2036,"[COCI 2008/2009 #2] PERKET",普及-,模拟;搜索,07-搜索/DFS与剪枝.cpp
P2040,"打开所有的灯",普及,模拟;搜索;递归;枚举;剪枝,07-搜索/DFS与剪枝.cpp
P2058,"[NOIP 2016 普及组] 海港",普及,模拟;优先队列;队列;双指针 two-pointer,02-数据结构/手写堆.cpp 01-基础与技巧/STL容器速查.md 01-基础与技巧/双指针.cpp
P2066,"机器分配",普及,动态规划 DP;搜索;背包 DP,06-动态规划/（九个文件） 07-搜索/DFS与剪枝.cpp 06-动态规划/背包(01完全多重).cpp
P2068,"统计和",普及+/提高-,线段树;树状数组,02-数据结构/线段树(区间加区间和).cpp 02-数据结构/树状数组.cpp
P2085,"最小函数值",普及,数学;堆;排序;优先队列,05-数学/（二十个文件） 02-数据结构/手写堆.cpp 01-基础与技巧/快速排序与快速选择.cpp
P2089,"烤鸡",普及-,搜索;递归;枚举,07-搜索/DFS与剪枝.cpp
P2105,"K皇后",普及,枚举,
P2118,"[NOIP 2014 普及组] 比例简化",普及-,数学;枚举;最大公约数 gcd,05-数学/（二十个文件） 05-数学/扩展欧几里得.cpp
P2141,"[NOIP 2014 普及组] 珠心算测验",普及-,模拟;枚举,
P2142,"高精度减法",普及-,模拟;高精度,01-基础与技巧/高精度BigInt.cpp
P2181,"对角线",普及,数学;组合数学,05-数学/（二十个文件） 05-数学/组合数与Lucas定理.cpp
P2216,"[HAOI2007] 理想的正方形",普及+/提高-,单调队列;队列;ST 表,01-基础与技巧/单调队列.cpp 01-基础与技巧/STL容器速查.md 02-数据结构/ST表.cpp
P2234,"[HNOI2002] 营业额统计",普及-,二分;排序,01-基础与技巧/二分答案.cpp 01-基础与技巧/快速排序与快速选择.cpp
P2239,"[NOIP 2014 普及组] 螺旋矩阵",普及,模拟;数学;递归,05-数学/（二十个文件） 07-搜索/DFS与剪枝.cpp
P2240,"【深基12.例1】部分背包问题",普及-,贪心,01-基础与技巧/反悔贪心.cpp
P2241,"统计方形（数据加强版）",普及-,数学;枚举,05-数学/（二十个文件）
P2249,"【深基13.例1】查找",普及-,二分,01-基础与技巧/二分答案.cpp
P2280,"[HNOI2003] 激光炸弹",普及,动态规划 DP;枚举;前缀和,06-动态规划/（九个文件） 01-基础与技巧/前缀和与差分.cpp
P2285,"[HNOI2004] 打鼹鼠",普及,动态规划 DP;递推;最短路,06-动态规划/（九个文件） 06-动态规划/递推与线性DP.cpp 04-图论/Dijkstra.cpp
P2324,"[SCOI2005] 骑士精神",提高,搜索;广度优先搜索 BFS;启发式搜索;启发式迭代加深搜索 IDA*;A* 算法;折半搜索 meet in the middle,07-搜索/DFS与剪枝.cpp 07-搜索/BFS最短路.cpp 07-搜索/A星与K短路.cpp 07-搜索/迭代加深与IDA星.cpp 07-搜索/折半搜索.cpp
P2330,"[SCOI2005] 繁忙的都市",普及,图论;二分;并查集;生成树,04-图论/（十九个文件） 01-基础与技巧/二分答案.cpp 02-数据结构/并查集.cpp 04-图论/最小生成树Kruskal.cpp
P2346,"四子连棋",普及+/提高-,搜索;深度优先搜索 DFS;启发式搜索;迭代加深搜索;启发式迭代加深搜索 IDA*,07-搜索/DFS与剪枝.cpp 07-搜索/A星与K短路.cpp 07-搜索/迭代加深与IDA星.cpp
P2357,"守墓人",普及+/提高-,线段树;树状数组;分块,02-数据结构/线段树(区间加区间和).cpp 02-数据结构/树状数组.cpp 02-数据结构/分块.cpp
P2386,"放苹果",普及-,搜索;递归;深度优先搜索 DFS,07-搜索/DFS与剪枝.cpp
P2392,"kkksc03 考前临时抱佛脚",普及-,动态规划 DP;搜索;递归;背包 DP,06-动态规划/（九个文件） 07-搜索/DFS与剪枝.cpp 06-动态规划/背包(01完全多重).cpp
P2397,"yyy loves Maths VI (mode) / 摩尔投票",普及-,模拟,
P2404,"自然数的拆分问题",普及-,搜索,07-搜索/DFS与剪枝.cpp
P2415,"集合求和",普及-,数学;排列组合,05-数学/（二十个文件） 05-数学/组合数与Lucas定理.cpp
P2433,"【深基1-2】小学数学 N 合一",普及-,模拟;数学,05-数学/（二十个文件）
P2437,"蜜蜂路线",普及-,高精度;递推;Fibonacci 数列,01-基础与技巧/高精度BigInt.cpp 06-动态规划/递推与线性DP.cpp 05-数学/矩阵快速幂.cpp
P2440,"木材加工",普及,贪心;二分,01-基础与技巧/反悔贪心.cpp 01-基础与技巧/二分答案.cpp
P2455,"[SDOI2006] 线性方程组",提高,数学;线性代数;高斯消元,05-数学/（二十个文件） 05-数学/行列式与矩阵树定理.cpp 05-数学/高斯消元.cpp
P2550,"[AHOI2001] 彩票摇奖",入门,,
P2563,"[AHOI2001] 质数和分解",普及-,背包 DP;素数判断,06-动态规划/背包(01完全多重).cpp 05-数学/线性筛与欧拉函数.cpp
P2580,"于是他错误的点名开始了",普及,字符串;哈希 hashing;字典树 Trie;STL,03-字符串/（六个文件） 03-字符串/字符串哈希.cpp 02-数据结构/Trie字典树.cpp 01-基础与技巧/STL容器速查.md
P2615,"[NOIP 2015 提高组] 神奇的幻方",普及-,模拟;枚举,
P2642,"最大双子段和",普及,动态规划 DP,06-动态规划/（九个文件）
P2661,"[NOIP 2015 提高组] 信息传递",普及,图论;并查集;深度优先搜索 DFS;拓扑排序;强连通分量;Tarjan;基环树,04-图论/（十九个文件） 02-数据结构/并查集.cpp 07-搜索/DFS与剪枝.cpp 04-图论/拓扑排序.cpp 04-图论/Tarjan强连通分量.cpp 04-图论/基环树.cpp
P2669,"[NOIP 2015 普及组] 金币",入门,模拟;数学,05-数学/（二十个文件）
P2670,"[NOIP 2015 普及组] 扫雷游戏",入门,字符串;搜索;枚举,03-字符串/（六个文件） 07-搜索/DFS与剪枝.cpp
P2671,"[NOIP 2015 普及组] 求和",普及+/提高-,线性数据结构;排序;前缀和,02-数据结构/链表.cpp 01-基础与技巧/快速排序与快速选择.cpp 01-基础与技巧/前缀和与差分.cpp
P2676,"[USACO07DEC] Bookshelf B",普及-,贪心;排序,01-基础与技巧/反悔贪心.cpp 01-基础与技巧/快速排序与快速选择.cpp
P2678,"[NOIP 2015 提高组] 跳石头",普及,贪心;二分,01-基础与技巧/反悔贪心.cpp 01-基础与技巧/二分答案.cpp
P2698,"[USACO12MAR] Flowerpot S",普及+/提高-,二分;单调队列;双指针 two-pointer,01-基础与技巧/二分答案.cpp 01-基础与技巧/单调队列.cpp 01-基础与技巧/双指针.cpp
P2704,"[NOI2001] 炮兵阵地",提高,搜索;记忆化搜索;进制;轮廓线 DP;状压 DP,07-搜索/DFS与剪枝.cpp 01-基础与技巧/记忆化搜索.cpp 01-基础与技巧/进制转换.cpp 06-动态规划/插头DP(轮廓线).cpp 06-动态规划/状压DP.cpp
P2758,"编辑距离",普及,字符串;动态规划 DP;数学,03-字符串/（六个文件） 06-动态规划/（九个文件） 05-数学/（二十个文件）
P2782,"友好城市",普及,动态规划 DP;线段树;二分;树状数组;排序,06-动态规划/（九个文件） 02-数据结构/线段树(区间加区间和).cpp 01-基础与技巧/二分答案.cpp 02-数据结构/树状数组.cpp 01-基础与技巧/快速排序与快速选择.cpp
P2814,"家谱",普及,字符串;搜索;图论;线性数据结构;并查集;树的遍历,03-字符串/（六个文件） 07-搜索/DFS与剪枝.cpp 04-图论/（十九个文件） 02-数据结构/链表.cpp 02-数据结构/并查集.cpp 04-图论/树的遍历与dfs序.cpp
P2820,"局域网",普及,图论;并查集;生成树,04-图论/（十九个文件） 02-数据结构/并查集.cpp 04-图论/最小生成树Kruskal.cpp
P2822,"[NOIP 2016 提高组] 组合数问题",普及,数学;组合数学;前缀和,05-数学/（二十个文件） 05-数学/组合数与Lucas定理.cpp 01-基础与技巧/前缀和与差分.cpp
P2853,"[USACO06DEC] Cow Picnic S",普及,搜索;图论;贪心;广度优先搜索 BFS;深度优先搜索 DFS;bitset;Floyd 算法,07-搜索/DFS与剪枝.cpp 04-图论/（十九个文件） 01-基础与技巧/反悔贪心.cpp 07-搜索/BFS最短路.cpp 02-数据结构/bitset与字并行.cpp 04-图论/Floyd.cpp
P2866,"[USACO06NOV] Bad Hair Day S",普及,栈;ST 表;单调栈,01-基础与技巧/STL容器速查.md 02-数据结构/ST表.cpp 01-基础与技巧/单调栈.cpp
P2871,"[USACO07DEC] Charm Bracelet S",普及-,动态规划 DP;枚举;背包 DP,06-动态规划/（九个文件） 06-动态规划/背包(01完全多重).cpp
P2880,"[USACO07JAN] Balanced Lineup G",普及,线段树;树状数组;ST 表,02-数据结构/线段树(区间加区间和).cpp 02-数据结构/树状数组.cpp 02-数据结构/ST表.cpp
P2895,"[USACO08FEB] Meteor Shower S",普及,搜索;广度优先搜索 BFS,07-搜索/DFS与剪枝.cpp 07-搜索/BFS最短路.cpp
P2911,"[USACO08OCT] Bovine Bones G",入门,枚举;期望,06-动态规划/概率期望DP.cpp
P2947,"[USACO09MAR] Look Up S",普及,单调栈,01-基础与技巧/单调栈.cpp
P2949,"[USACO09OPEN] Work Scheduling G",普及,贪心;递推;树状数组;离散化;优先队列;STL;反悔贪心,01-基础与技巧/反悔贪心.cpp 06-动态规划/递推与线性DP.cpp 02-数据结构/树状数组.cpp 01-基础与技巧/离散化.cpp 02-数据结构/手写堆.cpp 01-基础与技巧/STL容器速查.md
P3156,"【深基15.例1】询问学号",入门,,
P3197,"[HNOI2008] 越狱",普及,数学;组合数学;容斥原理,05-数学/（二十个文件） 05-数学/组合数与Lucas定理.cpp 05-数学/容斥原理与排列组合.cpp
P3366,"【模板】最小生成树",普及,图论;并查集;生成树,04-图论/（十九个文件） 02-数据结构/并查集.cpp 04-图论/最小生成树Kruskal.cpp
P3367,"【模板】并查集",普及,并查集,02-数据结构/并查集.cpp
P3368,"【模板】树状数组 2",普及+/提高-,树状数组;差分,02-数据结构/树状数组.cpp 01-基础与技巧/前缀和与差分.cpp
P3370,"【模板】字符串哈希",普及-,字符串;哈希 hashing,03-字符串/（六个文件） 03-字符串/字符串哈希.cpp
P3371,"【模板】单源最短路径（弱化版）",普及,图论;最短路,04-图论/（十九个文件） 04-图论/Dijkstra.cpp
P3372,"【模板】线段树 1",普及+/提高-,线段树,02-数据结构/线段树(区间加区间和).cpp
P3373,"【模板】线段树 2",普及+/提高-,线段树,02-数据结构/线段树(区间加区间和).cpp
P3374,"【模板】树状数组 1",普及+/提高-,树状数组,02-数据结构/树状数组.cpp
P3375,"【模板】KMP",普及+/提高-,字符串;KMP 算法,03-字符串/（六个文件） 03-字符串/KMP.cpp
P3378,"【模板】堆",普及,堆;优先队列,02-数据结构/手写堆.cpp
P3379,"【模板】最近公共祖先（LCA）",普及,最近公共祖先 LCA,04-图论/LCA(倍增).cpp
P3383,"【模板】线性筛素数",普及-,数学;数论;素数判断;线性筛法,05-数学/（二十个文件） 05-数学/线性筛与欧拉函数.cpp
P3389,"【模板】高斯消元法",提高,线性代数;高斯消元,05-数学/行列式与矩阵树定理.cpp 05-数学/高斯消元.cpp
P3392,"涂条纹",普及-,模拟;枚举,
P3395,"路障",普及,模拟;广度优先搜索 BFS,07-搜索/BFS最短路.cpp
P3397,"地毯",普及-,枚举;前缀和;差分,01-基础与技巧/前缀和与差分.cpp
P3405,"[USACO16DEC] Cities and States S",普及-,字符串;哈希表,03-字符串/（六个文件） 02-数据结构/哈希表.cpp
P3406,"海底高铁",普及,贪心;前缀和;差分,01-基础与技巧/反悔贪心.cpp 01-基础与技巧/前缀和与差分.cpp
P3612,"[USACO17JAN] Secret Cow Code S",普及-,字符串;递归;分治;栈,03-字符串/（六个文件） 07-搜索/DFS与剪枝.cpp 01-基础与技巧/分治.cpp 01-基础与技巧/STL容器速查.md
P3613,"【深基15.例2】寄包柜",普及-,STL,01-基础与技巧/STL容器速查.md
P3654,"First Step (ファーストステップ)",普及-,模拟;枚举,
P3741,"小果的键盘",入门,模拟;字符串;搜索,03-字符串/（六个文件） 07-搜索/DFS与剪枝.cpp
P3743,"小鸟的设备",普及,贪心;二分,01-基础与技巧/反悔贪心.cpp 01-基础与技巧/二分答案.cpp
P3799,"小 Y 拼木棒",普及,枚举;组合数学,05-数学/组合数与Lucas定理.cpp
P3805,"【模板】Manacher",提高,字符串;Manacher 算法,03-字符串/（六个文件） 03-字符串/Manacher.cpp
P3807,"【模板】卢卡斯定理 / Lucas 定理",提高,数学;递归;数论;素数判断;进制;组合数学;Lucas 定理,05-数学/（二十个文件） 07-搜索/DFS与剪枝.cpp 05-数学/线性筛与欧拉函数.cpp 01-基础与技巧/进制转换.cpp 05-数学/组合数与Lucas定理.cpp
P3811,"【模板】模意义下的乘法逆元",普及,数学;递推;数论;素数判断;扩展欧几里德算法;逆元;线性筛法,05-数学/（二十个文件） 06-动态规划/递推与线性DP.cpp 05-数学/线性筛与欧拉函数.cpp 05-数学/扩展欧几里得.cpp 05-数学/乘法逆元.cpp
P3817,"小 A 的糖果",普及-,模拟;贪心,01-基础与技巧/反悔贪心.cpp
P3853,"[TJOI2007] 路标设置",普及,模拟;搜索;二分,07-搜索/DFS与剪枝.cpp 01-基础与技巧/二分答案.cpp
P3865,"【模板】ST 表 & RMQ 问题",普及,倍增;ST 表,04-图论/LCA(倍增).cpp 02-数据结构/ST表.cpp
P3879,"[TJOI2010] 阅读理解",普及-,字符串;哈希 hashing;字典树 Trie;STL,03-字符串/（六个文件） 03-字符串/字符串哈希.cpp 02-数据结构/Trie字典树.cpp 01-基础与技巧/STL容器速查.md
P3884,"[JLOI2009] 二叉树问题",普及,深度优先搜索 DFS;最近公共祖先 LCA,07-搜索/DFS与剪枝.cpp 04-图论/LCA(倍增).cpp
P3912,"素数个数",普及-,数学;枚举;素数判断,05-数学/（二十个文件） 05-数学/线性筛与欧拉函数.cpp
P3913,"车的攻击",普及-,数学;排序,05-数学/（二十个文件） 01-基础与技巧/快速排序与快速选择.cpp
P3916,"图的遍历",普及,搜索;图论;广度优先搜索 BFS;深度优先搜索 DFS;图论建模;强连通分量,07-搜索/DFS与剪枝.cpp 04-图论/（十九个文件） 07-搜索/BFS最短路.cpp 04-图论/存图(vector邻接表).cpp 04-图论/Tarjan强连通分量.cpp
P3954,"[NOIP 2017 普及组] 成绩",入门,,
P4000,"斐波那契数列",省选/NOI-,字符串;数学;素数判断;Fibonacci 数列,03-字符串/（六个文件） 05-数学/（二十个文件） 05-数学/线性筛与欧拉函数.cpp 05-数学/矩阵快速幂.cpp
P4017,"最大食物链计数",普及,动态规划 DP;搜索;图论;排序;深度优先搜索 DFS;记忆化搜索;拓扑排序,06-动态规划/（九个文件） 07-搜索/DFS与剪枝.cpp 04-图论/（十九个文件） 01-基础与技巧/快速排序与快速选择.cpp 01-基础与技巧/记忆化搜索.cpp 04-图论/拓扑排序.cpp
P4053,"[JSOI2007] 建筑抢修",提高,贪心;优先队列;反悔贪心,01-基础与技巧/反悔贪心.cpp 02-数据结构/手写堆.cpp
P4122,"[USACO17DEC] Blocked Billboard B",普及-,数学;离散化,05-数学/（二十个文件） 01-基础与技巧/离散化.cpp
P4145,"上帝造题的七分钟 2 / 花神游历各国",提高,线段树;并查集;树状数组;颜色段均摊（珂朵莉树 ODT）;枚举;分块,02-数据结构/线段树(区间加区间和).cpp 02-数据结构/并查集.cpp 02-数据结构/树状数组.cpp 02-数据结构/珂朵莉树ODT.cpp 02-数据结构/分块.cpp
P4251,"[SCOI2015] 小凸玩矩阵",省选/NOI-,二分;网络流;二分图,01-基础与技巧/二分答案.cpp 04-图论/网络流Dinic.cpp 04-图论/二分图判定.cpp
P4305,"[JLOI2011] 不重复数字",普及-,排序;哈希 hashing;哈希表;STL,01-基础与技巧/快速排序与快速选择.cpp 03-字符串/字符串哈希.cpp 02-数据结构/哈希表.cpp 01-基础与技巧/STL容器速查.md
P4326,"[COCI 2006/2007 #1] Herman",入门,数学;平面几何,05-数学/（二十个文件） 08-计算几何/向量基础.cpp
P4342,"[IOI 1998] Polygon",普及+/提高-,动态规划 DP;区间 DP,06-动态规划/（九个文件） 06-动态规划/区间DP.cpp
P4387,"【深基15.习9】验证栈序列",普及,模拟;栈,01-基础与技巧/STL容器速查.md
P4391,"[BalticOI 2009] Radio Transmission 无线传输",普及+/提高-,字符串;哈希 hashing;前缀和;KMP 算法,03-字符串/（六个文件） 03-字符串/字符串哈希.cpp 01-基础与技巧/前缀和与差分.cpp 03-字符串/KMP.cpp
P4414,"[COCI 2006/2007 #2] ABC",入门,模拟;排序,01-基础与技巧/快速排序与快速选择.cpp
P4447,"[AHOI2018初中组] 分组",普及+/提高-,贪心;二分;队列,01-基础与技巧/反悔贪心.cpp 01-基础与技巧/二分答案.cpp 01-基础与技巧/STL容器速查.md
P4467,"[SCOI2007] k短路",省选/NOI-,字符串;排序;最短路,03-字符串/（六个文件） 01-基础与技巧/快速排序与快速选择.cpp 04-图论/Dijkstra.cpp
P4479,"[BJWC2018] 第k大斜率",提高,二分;树状数组;离散化,01-基础与技巧/二分答案.cpp 02-数据结构/树状数组.cpp 01-基础与技巧/离散化.cpp
P4513,"小白逛公园",提高,线段树;平衡树;树状数组;递归;矩阵乘法;动态 DP,02-数据结构/线段树(区间加区间和).cpp 02-数据结构/平衡树Treap.cpp 02-数据结构/树状数组.cpp 07-搜索/DFS与剪枝.cpp 05-数学/矩阵快速幂.cpp 06-动态规划/动态DP.cpp
P4549,"【模板】裴蜀定理",普及,数学;数论;最大公约数 gcd;不定方程;Bézout 定理,05-数学/（二十个文件） 05-数学/线性筛与欧拉函数.cpp 05-数学/扩展欧几里得.cpp
P4626,"一道水题 II",普及,数学;素数判断;bitset,05-数学/（二十个文件） 05-数学/线性筛与欧拉函数.cpp 02-数据结构/bitset与字并行.cpp
P4702,"取石子",入门,博弈论;进制;前缀和;位运算,05-数学/博弈论(Nim与SG).cpp 01-基础与技巧/进制转换.cpp 01-基础与技巧/前缀和与差分.cpp 01-基础与技巧/位运算技巧.cpp
P4715,"【深基16.例1】淘汰赛",普及-,模拟;树形数据结构;队列,04-图论/树的遍历与dfs序.cpp 01-基础与技巧/STL容器速查.md
P4913,"【深基16.例3】二叉树深度",普及-,搜索;广度优先搜索 BFS;深度优先搜索 DFS,07-搜索/DFS与剪枝.cpp 07-搜索/BFS最短路.cpp
P4924,"[1007] 魔法少女小Scarlet",普及-,模拟;递归;枚举,07-搜索/DFS与剪枝.cpp
P4955,"[USACO14JAN] Cross Country Skiing S",普及,二分;并查集;广度优先搜索 BFS,01-基础与技巧/二分答案.cpp 02-数据结构/并查集.cpp 07-搜索/BFS最短路.cpp
P4956,"[COCI 2017/2018 #6] Davor",入门,不定方程,05-数学/扩展欧几里得.cpp
P4979,"矿洞：坍塌",普及+/提高-,线段树;颜色段均摊（珂朵莉树 ODT）;位运算,02-数据结构/线段树(区间加区间和).cpp 02-数据结构/珂朵莉树ODT.cpp 01-基础与技巧/位运算技巧.cpp
P4995,"跳跳！",普及-,贪心;排序,01-基础与技巧/反悔贪心.cpp 01-基础与技巧/快速排序与快速选择.cpp
P5015,"[NOIP 2018 普及组] 标题统计",入门,模拟;字符串,03-字符串/（六个文件）
P5016,"[NOIP 2018 普及组] 龙虎斗",普及-,模拟;枚举,
P5019,"[NOIP 2018 提高组] 铺设道路",普及,贪心;差分,01-基础与技巧/反悔贪心.cpp 01-基础与技巧/前缀和与差分.cpp
P5076,"【深基16.例7】普通二叉树（简化版）",普及+/提高-,模拟;树形数据结构;线段树;二分;平衡树;STL,04-图论/树的遍历与dfs序.cpp 02-数据结构/线段树(区间加区间和).cpp 01-基础与技巧/二分答案.cpp 02-数据结构/平衡树Treap.cpp 01-基础与技巧/STL容器速查.md
P5143,"攀爬者",普及-,排序,01-基础与技巧/快速排序与快速选择.cpp
P5250,"【深基17.例5】木材仓库",普及,二分;STL,01-基础与技巧/二分答案.cpp 01-基础与技巧/STL容器速查.md
P5266,"【深基17.例6】学籍管理",普及,模拟;字典树 Trie;哈希表;STL,02-数据结构/Trie字典树.cpp 02-数据结构/哈希表.cpp 01-基础与技巧/STL容器速查.md
P5318,"【深基18.例3】查找文献",普及-,搜索;图论;广度优先搜索 BFS;深度优先搜索 DFS;图遍历,07-搜索/DFS与剪枝.cpp 04-图论/（十九个文件） 07-搜索/BFS最短路.cpp 04-图论/存图(vector邻接表).cpp
P5461,"赦免战俘",普及,递归;分治,07-搜索/DFS与剪枝.cpp 01-基础与技巧/分治.cpp
P5507,"机关",提高,搜索;广度优先搜索 BFS;启发式搜索,07-搜索/DFS与剪枝.cpp 07-搜索/BFS最短路.cpp 07-搜索/A星与K短路.cpp
P5660,"[CSP-J 2019] 数字游戏",入门,字符串,03-字符串/（六个文件）
P5661,"[CSP-J 2019] 公交换乘",普及-,模拟;队列,01-基础与技巧/STL容器速查.md
P5681,"[CSP-J 2019 江西] 面积",入门,数学,05-数学/（二十个文件）
P5690,"[CSP-S 2019 江西] 日期",普及-,贪心;枚举,01-基础与技巧/反悔贪心.cpp
P5703,"【深基2.例5】苹果采购",入门,数学,05-数学/（二十个文件）
P5704,"【深基2.例6】字母转换",入门,,
P5705,"【深基2.例7】数字反转",入门,,
P5706,"【深基2.例8】再分肥宅水",入门,,
P5707,"【深基2.例12】上学迟到",入门,数学,05-数学/（二十个文件）
P5708,"【深基2.习2】三角形面积",入门,,
P5709,"【深基2.习6】Apples Prologue / 苹果和虫子",入门,数学,05-数学/（二十个文件）
P5710,"【深基3.例2】数的性质",入门,模拟,
P5711,"【深基3.例3】闰年判断",入门,,
P5712,"【深基3.例4】Apples",入门,,
P5713,"【深基3.例5】洛谷团队系统",入门,,
P5714,"【深基3.例7】肥胖问题",入门,,
P5715,"【深基3.例8】三位数排序",入门,,
P5716,"【深基3.例9】月份天数",入门,,
P5717,"【深基3.习8】三角形分类",普及-,数学,05-数学/（二十个文件）
P5718,"【深基4.例2】找最小值",入门,,
P5719,"【深基4.例3】分类平均",入门,,
P5720,"【深基4.例4】一尺之棰",入门,,
P5721,"【深基4.例6】数字直角三角形",入门,,
P5722,"【深基4.例11】数列求和",入门,,
P5723,"【深基4.例13】质数口袋",普及-,枚举;素数判断,05-数学/线性筛与欧拉函数.cpp
P5724,"【深基4.习5】求极差 / 最大跨度值 / 最大值和最小值的差",入门,,
P5725,"【深基4.习8】求三角形",入门,,
P5726,"【深基4.习9】打分",普及-,,
P5727,"【深基5.例3】冰雹猜想",入门,,
P5728,"【深基5.例5】旗鼓相当的对手",入门,,
P5729,"【深基5.例7】工艺品制作",入门,,
P5730,"【深基5.例10】显示屏",普及-,,
P5731,"【深基5.习6】蛇形方阵",入门,,
P5732,"【深基5.习7】杨辉三角",入门,,
P5733,"【深基6.例1】自动修正",入门,,
P5734,"【深基6.例6】文字处理软件",普及-,字符串,03-字符串/（六个文件）
P5735,"【深基7.例1】距离函数",入门,,
P5736,"【深基7.例2】质数筛",普及-,素数判断,05-数学/线性筛与欧拉函数.cpp
P5737,"【深基7.例3】闰年展示",入门,,
P5738,"【深基7.例4】歌唱比赛",普及-,,
P5739,"【深基7.例7】计算阶乘",入门,,
P5740,"【深基7.例9】最厉害的学生",普及-,,
P5741,"【深基7.例10】旗鼓相当的对手 - 加强版",普及-,,
P5742,"【深基7.例11】评等级",普及-,,
P5743,"【深基7.习8】猴子吃桃",入门,,
P5744,"【深基7.习9】培训",入门,,
P5745,"【深基附B例】区间最大和",普及-,前缀和;双指针 two-pointer,01-基础与技巧/前缀和与差分.cpp 01-基础与技巧/双指针.cpp
P5753,"[NOI2000] 瓷片项链",普及-,,
P5767,"[NOI1997] 最优乘车",普及,图论;最短路,04-图论/（十九个文件） 04-图论/Dijkstra.cpp
P5788,"【模板】单调栈",普及,线性数据结构;栈;单调栈,02-数据结构/链表.cpp 01-基础与技巧/STL容器速查.md 01-基础与技巧/单调栈.cpp
P5892,"[IOI 2014] holiday 假期",省选/NOI-,决策单调性,06-动态规划/四边形不等式与决策单调性.cpp
P6033,"[NOIP 2004 提高组] 合并果子 加强版",普及+/提高-,贪心;排序;队列,01-基础与技巧/反悔贪心.cpp 01-基础与技巧/快速排序与快速选择.cpp 01-基础与技巧/STL容器速查.md
P6216,"回文匹配",提高+/省选-,前缀和;KMP 算法;Manacher 算法,01-基础与技巧/前缀和与差分.cpp 03-字符串/KMP.cpp 03-字符串/Manacher.cpp
P6787,"「SWTR-6」Snow Mountain",提高,贪心;构造,01-基础与技巧/反悔贪心.cpp
P7071,"[CSP-J 2020] 优秀的拆分",普及-,模拟;进制,01-基础与技巧/进制转换.cpp
P7072,"[CSP-J 2020] 直播获奖",普及-,模拟;排序,01-基础与技巧/快速排序与快速选择.cpp
P7074,"[CSP-J 2020] 方格取数",普及+/提高-,动态规划 DP,06-动态规划/（九个文件）
P7075,"[CSP-S 2020] 儒略日",普及+/提高-,模拟;数学;二分,05-数学/（二十个文件） 01-基础与技巧/二分答案.cpp
P7076,"[CSP-S 2020] 动物园",普及,数学;贪心;进制;位运算,05-数学/（二十个文件） 01-基础与技巧/反悔贪心.cpp 01-基础与技巧/进制转换.cpp 01-基础与技巧/位运算技巧.cpp
P7077,"[CSP-S 2020] 函数调用",提高+/省选-,动态规划 DP;数学;记忆化搜索;拓扑排序,06-动态规划/（九个文件） 05-数学/（二十个文件） 01-基础与技巧/记忆化搜索.cpp 04-图论/拓扑排序.cpp
P7078,"[CSP-S 2020] 贪吃蛇",省选/NOI-,贪心;博弈论;堆;队列,01-基础与技巧/反悔贪心.cpp 05-数学/博弈论(Nim与SG).cpp 02-数据结构/手写堆.cpp 01-基础与技巧/STL容器速查.md
P7112,"【模板】行列式求值",提高,数学;线性代数;高斯消元;行列式,05-数学/（二十个文件） 05-数学/行列式与矩阵树定理.cpp 05-数学/高斯消元.cpp
P7113,"[NOIP2020] 排水系统",普及,图论;高精度;拓扑排序,04-图论/（十九个文件） 01-基础与技巧/高精度BigInt.cpp 04-图论/拓扑排序.cpp
P7909,"[CSP-J 2021] 分糖果",普及-,数学,05-数学/（二十个文件）
P7910,"[CSP-J 2021] 插入排序",普及,枚举;排序,01-基础与技巧/快速排序与快速选择.cpp
P7911,"[CSP-J 2021] 网络连接",普及,模拟;字符串;枚举,03-字符串/（六个文件）
P7913,"[CSP-S 2021] 廊桥分配",普及+/提高-,模拟;贪心;排序;优先队列;前缀和;队列,01-基础与技巧/反悔贪心.cpp 01-基础与技巧/快速排序与快速选择.cpp 02-数据结构/手写堆.cpp 01-基础与技巧/前缀和与差分.cpp 01-基础与技巧/STL容器速查.md
P7914,"[CSP-S 2021] 括号序列",提高+/省选-,动态规划 DP;区间 DP,06-动态规划/（九个文件） 06-动态规划/区间DP.cpp
P7915,"[CSP-S 2021] 回文",普及+/提高-,字符串;贪心,03-字符串/（六个文件） 01-基础与技巧/反悔贪心.cpp
P7916,"[CSP-S 2021] 交通规划",省选/NOI-,动态规划 DP;网络流;区间 DP;图论建模;最短路;平面图;最小割,06-动态规划/（九个文件） 04-图论/网络流Dinic.cpp 06-动态规划/区间DP.cpp 04-图论/存图(vector邻接表).cpp 04-图论/Dijkstra.cpp 04-图论/（平面图欧拉公式）
P7960,"[NOIP2021] 报数",普及,,
P7961,"[NOIP2021] 数列",提高+/省选-,动态规划 DP;排列组合,06-动态规划/（九个文件） 05-数学/组合数与Lucas定理.cpp
P7963,"[NOIP2021] 棋局",NOI/NOI+/CTSC,并查集;线段树合并,02-数据结构/并查集.cpp 02-数据结构/线段树合并.cpp
P8072,"[COCI 2009/2010 #7] COKOLADA",入门,,
P8152,"「PMOI-5」破译",入门,,
P8161,"[JOI 2022 Final] 自学 / Self Study",普及,贪心;二分,01-基础与技巧/反悔贪心.cpp 01-基础与技巧/二分答案.cpp
P8220,"[WFOI - 02] I wanna win the race（比赛）",普及-,,
P8225,"「Wdoi-5」天才⑨与天才拆分",入门,数论,05-数学/线性筛与欧拉函数.cpp
P8254,"[NOI Online 2022 入门组] 王国比赛",入门,,
P8255,"[NOI Online 2022 入门组] 数学游戏",提高,最大公约数 gcd,05-数学/扩展欧几里得.cpp
P8256,"[NOI Online 2022 入门组] 字符串",提高,动态规划 DP,06-动态规划/（九个文件）
P8306,"【模板】字典树 / Trie",普及,字符串;字典树 Trie,03-字符串/（六个文件） 02-数据结构/Trie字典树.cpp
P8400,"[CCC 2022 J1] Cupcake Party",入门,,
P8813,"[CSP-J 2022] 乘方",入门,模拟,
P8814,"[CSP-J 2022] 解密",普及-,数学;二分,05-数学/（二十个文件） 01-基础与技巧/二分答案.cpp
P8815,"[CSP-J 2022] 逻辑表达式",普及+/提高-,模拟;分治;栈,01-基础与技巧/分治.cpp 01-基础与技巧/STL容器速查.md
P8816,"[CSP-J 2022] 上升点列",普及,动态规划 DP;记忆化搜索;Floyd 算法,06-动态规划/（九个文件） 01-基础与技巧/记忆化搜索.cpp 04-图论/Floyd.cpp
P8865,"[NOIP2022] 种花",普及+/提高-,数学;枚举;组合数学;前缀和,05-数学/（二十个文件） 05-数学/组合数与Lucas定理.cpp 01-基础与技巧/前缀和与差分.cpp
P8918,"『MdOI R5』Jump",普及-,数学;位运算,05-数学/（二十个文件） 01-基础与技巧/位运算技巧.cpp
P8919,"『MdOI R5』Message",普及-,贪心,01-基础与技巧/反悔贪心.cpp
P8920,"『MdOI R5』Variance",普及+/提高-,数学,05-数学/（二十个文件）
P8921,"『MdOI R5』Triangulation",提高,,
P9286,"[ROI 2018] Extraction of radium",普及,模拟,
P9606,"[CERC2019] ABB",普及+/提高-,字符串;哈希 hashing;KMP 算法;Manacher 算法,03-字符串/（六个文件） 03-字符串/字符串哈希.cpp 03-字符串/KMP.cpp 03-字符串/Manacher.cpp
P9752,"[CSP-S 2023] 密码锁",普及-,模拟;枚举,
P9753,"[CSP-S 2023] 消消乐",提高,动态规划 DP;分治;哈希 hashing;栈;字典树 Trie,06-动态规划/（九个文件） 01-基础与技巧/分治.cpp 03-字符串/字符串哈希.cpp 01-基础与技巧/STL容器速查.md 02-数据结构/Trie字典树.cpp
P9815,"wbyblD",普及,模拟,
P9816,"少项式复合幂",普及+/提高-,倍增,04-图论/LCA(倍增).cpp
P9817,"******D",提高,,
P9820,"[ICPC 2020 Shanghai R] Mine Sweeper II",普及+/提高-,数学;鸽笼原理;构造,05-数学/（二十个文件）
P9825,"[ICPC 2020 Shanghai R] Fibonacci",普及-,数学;数论,05-数学/（二十个文件） 05-数学/线性筛与欧拉函数.cpp
P9836,"种树",普及+/提高-,数学;贪心,05-数学/（二十个文件） 01-基础与技巧/反悔贪心.cpp
P9868,"[NOIP2023] 词典",普及-,贪心,01-基础与技巧/反悔贪心.cpp
P10250,"[GESP样题 六级] 下楼梯",普及-,动态规划 DP;递推,06-动态规划/（九个文件） 06-动态规划/递推与线性DP.cpp
P10262,"[GESP样题 六级] 亲朋数",普及,动态规划 DP,06-动态规划/（九个文件）
P10446,"64位整数乘法",普及-,,
P10719,"[GESP202406 五级] 黑白格",普及,数学;二分;前缀和,05-数学/（二十个文件） 01-基础与技巧/二分答案.cpp 01-基础与技巧/前缀和与差分.cpp
P10785,"[NOI2024] 集合",省选/NOI-,哈希 hashing;双指针 two-pointer,03-字符串/字符串哈希.cpp 01-基础与技巧/双指针.cpp
P10815,"【模板】快速读入",普及-,,
P11960,"[GESP202503 五级] 平均分配",普及,贪心;排序,01-基础与技巧/反悔贪心.cpp 01-基础与技巧/快速排序与快速选择.cpp
P11961,"[GESP202503 五级] 原根判断",提高,原根;数论,05-数学/原根与阶.cpp 05-数学/线性筛与欧拉函数.cpp
P13014,"[GESP202506 五级] 最大公因数",普及-,数学,05-数学/（二十个文件）
P13787,"地毯 加强版",普及,前缀和;差分,01-基础与技巧/前缀和与差分.cpp
P13976,"数列分块入门 1",普及,线段树;树状数组;分块,02-数据结构/线段树(区间加区间和).cpp 02-数据结构/树状数组.cpp 02-数据结构/分块.cpp
P13977,"数列分块入门 2",提高,二分;排序;分块,01-基础与技巧/二分答案.cpp 01-基础与技巧/快速排序与快速选择.cpp 02-数据结构/分块.cpp
P13978,"数列分块入门 3",提高,二分;排序;分块,01-基础与技巧/二分答案.cpp 01-基础与技巧/快速排序与快速选择.cpp 02-数据结构/分块.cpp
P13979,"数列分块入门 4",普及,线段树;树状数组;分块,02-数据结构/线段树(区间加区间和).cpp 02-数据结构/树状数组.cpp 02-数据结构/分块.cpp
P13980,"数列分块入门 5",提高,线段树;并查集;树状数组;颜色段均摊（珂朵莉树 ODT）;分块,02-数据结构/线段树(区间加区间和).cpp 02-数据结构/并查集.cpp 02-数据结构/树状数组.cpp 02-数据结构/珂朵莉树ODT.cpp 02-数据结构/分块.cpp
P13981,"数列分块入门 6",提高+/省选-,线段树;平衡树;分块,02-数据结构/线段树(区间加区间和).cpp 02-数据结构/平衡树Treap.cpp 02-数据结构/分块.cpp
P13982,"数列分块入门 7",普及+/提高-,线段树;分块,02-数据结构/线段树(区间加区间和).cpp 02-数据结构/分块.cpp
P13983,"数列分块入门 8",普及+/提高-,线段树;颜色段均摊（珂朵莉树 ODT）;分块,02-数据结构/线段树(区间加区间和).cpp 02-数据结构/珂朵莉树ODT.cpp 02-数据结构/分块.cpp
P13984,"数列分块入门 9",省选/NOI-,莫队;离散化;分块,02-数据结构/莫队算法.cpp 01-基础与技巧/离散化.cpp 02-数据结构/分块.cpp
P14361,"[CSP-S 2025] 社团招新",普及,贪心;排序;反悔贪心,01-基础与技巧/反悔贪心.cpp 01-基础与技巧/快速排序与快速选择.cpp
P14635,"[NOIP2025] 糖果店",普及,贪心;二分;排序;反悔贪心,01-基础与技巧/反悔贪心.cpp 01-基础与技巧/二分答案.cpp 01-基础与技巧/快速排序与快速选择.cpp
B2002,"Hello,World!",入门,顺序结构,
B2005,"字符三角形",入门,顺序结构,
B2007,"A + B 问题",入门,顺序结构,
B2025,"输出字符菱形",入门,顺序结构,
B2029,"大象喝水",入门,顺序结构,
B3611,"【模板】传递闭包",普及,图论;bitset;Floyd 算法,04-图论/（十九个文件） 02-数据结构/bitset与字并行.cpp 04-图论/Floyd.cpp
B3614,"【模板】栈",普及-,栈,01-基础与技巧/STL容器速查.md
B3616,"【模板】队列",普及-,队列,01-基础与技巧/STL容器速查.md
B3642,"二叉树的遍历",普及-,树形数据结构;深度优先搜索 DFS;树的遍历,04-图论/树的遍历与dfs序.cpp 07-搜索/DFS与剪枝.cpp
B3656,"【模板】双端队列 1",普及-,队列,01-基础与技巧/STL容器速查.md
B3694,"【模板】数列离散化",普及-,离散化,01-基础与技巧/离散化.cpp
B3871,"[GESP202309 五级] 因数分解",普及-,数论,05-数学/线性筛与欧拉函数.cpp
B3925,"[GESP202312 三级] 小猫分鱼",普及-,数学,05-数学/（二十个文件）
B3930,"[GESP202312 五级] 烹饪问题",普及,贪心;位运算,01-基础与技巧/反悔贪心.cpp 01-基础与技巧/位运算技巧.cpp
B3941,"[GESP样题 五级] 小杨的锻炼",普及-,数论;最大公约数 gcd,05-数学/线性筛与欧拉函数.cpp 05-数学/扩展欧几里得.cpp
B4071,"[GESP202412 五级] 武器强化",普及,贪心;线性数据结构;枚举;排序;数组,01-基础与技巧/反悔贪心.cpp 02-数据结构/链表.cpp 01-基础与技巧/快速排序与快速选择.cpp
CF36A,"Extra-terrestrial Intelligence",入门,模拟;字符串,03-字符串/（六个文件）
CF44C,"Holidays",普及,模拟;前缀和;差分,01-基础与技巧/前缀和与差分.cpp
CF915B,"Browser",普及-,,
SP1805,"HISTOGRA - Largest Rectangle in a Histogram",普及+/提高-,线段树;并查集;栈;ST 表;笛卡尔树;单调栈,02-数据结构/线段树(区间加区间和).cpp 02-数据结构/并查集.cpp 01-基础与技巧/STL容器速查.md 02-数据结构/ST表.cpp 02-数据结构/笛卡尔树.cpp 01-基础与技巧/单调栈.cpp
UVA11292,"Dragon of Loowater",普及-,模拟;贪心;排序,01-基础与技巧/反悔贪心.cpp 01-基础与技巧/快速排序与快速选择.cpp
UVA1225,"数数字 Digit Counting",入门,模拟;字符串;枚举;概率论,03-字符串/（六个文件） 06-动态规划/概率期望DP.cpp
UVA524,"素数环 Prime Ring Problem",普及,搜索;深度优先搜索 DFS;素数判断,07-搜索/DFS与剪枝.cpp 05-数学/线性筛与欧拉函数.cpp
